"NAAM","OMSCHR","CATC","startDate","provincie","gemeente","postcode","VHAG","Latitude","Longitude"
"Ziepbeek","Boorsem, Langeweidestraat, opw brug - meetplaats 381 (provincie Limburg)",2,"TBD","Limburg","Maasmechelen",3631,9766,50.9343809,5.706293
"Munsterbeek","Bilzen, Munsterbilzen, Zangerheistraat, 5 meter afw weg, opw zijgracht en verval",2,"TBD","Limburg","Bilzen",3746,7642,50.8932569,5.5486044
"Zwarte Beek","Koersel, via Stalse Schansstr, tot op einde, dan rechts, ongeveer 200m doorrijden tot populierenbos.",2,"TBD","Limburg","Beringen",3582,7157,51.0690631,5.2555738
"Bollisenbeek","Einde traject 10m afw brug aan MP 99500",2,"TBD","Limburg","Peer",3990,9702,51.1165486,5.3916738
"Watering Het Schulensbroek",NA,2,"TBD","Limburg","Beringen",3580,0,51.0419336,5.2287682
