"NAAM","OMSCHR","CATC","startDate","provincie","gemeente","postcode","VHAG","Latitude","Longitude"
"Stiemerbeek",NA,2,"19-07-2024","Limburg","Genk",3600,0,50.9709203,5.4893409
"Stiemerbeek",NA,2,"19-07-2024","Limburg","Genk",3600,0,50.9651239,5.4818414
"Watering De Herk",NA,2,"19-07-2024","Limburg","Hasselt",3511,0,50.9652475,5.2918906
"Warmbeek","Kaulille; verlengde Molenstraat; einde traject 5m afw brug",2,"31-08-2024","Limburg","Bocholt",3950,9508,51.1835538,5.5012483
"Ziepbeek","Boorsem, Langeweidestraat, opw brug - meetplaats 381 (provincie Limburg)",2,"TBD","Limburg","Maasmechelen",3631,9766,50.9343809,5.706293
"Munsterbeek","Bilzen, Munsterbilzen, Zangerheistraat, 5 meter afw weg, opw zijgracht en verval",2,"TBD","Limburg","Bilzen",3746,7642,50.8932569,5.5486044
"Grote Nete","Lommel; Kerkhoven; Kerkhovenstwg; 150m opw mtp 262400",2,"TBD","Limburg","Lommel",3920,8501,51.1582457,5.2628727
"Bollisenbeek","Einde traject 10m afw brug aan MP 99500",2,"TBD","Limburg","Peer",3990,9702,51.1165486,5.3916738
