"NAAM","OMSCHR","CATC","startDate","provincie","gemeente","postcode","VHAG","Latitude","Longitude"
"Verlorenbroodvijver","Liedermeerspark",0,"01-09-2024","Oost-Vlaanderen","Merelbeke",9820,0,51.0132808,3.7451943
NA,NA,NA,"02-09-2024","Antwerpen","Schoten",2900,NA,51.2613534,4.5119248
"Molenbeek","extra punt Kevin",NA,"02-09-2024","Antwerpen","Rumst",2840,NA,51.0996222,4.3960756
"Oude Netearm",NA,NA,"09-09-2024","Antwerpen","Rumst",2840,NA,51.0779516,4.4314065
NA,NA,NA,"18-08-2024","West-Vlaanderen","Middelkerke",8430,NA,51.1864522,2.8355339
NA,NA,NA,"26-08-2024","Oost-Vlaanderen","Gent",9050,NA,51.0351294,3.7511217
NA,NA,NA,"26-08-2024","Oost-Vlaanderen","Gent",9050,NA,51.0375743,3.7602421
"Steenputbeek","Dworp/Essenbeek, Winkelaar/Kapittel, 5 m opw weg (voorbij zijgrachtje)",9,"TBD","Vlaams-Brabant","Beersel",1653,7068,50.7268228,4.2879533
"Kleine Mark","Rijkevorsel; Koekhoven; 10m opw brug beginnen",9,"TBD","Antwerpen","Rijkevorsel",2310,9968,51.3506689,4.7715484
NA,NA,9,"TBD","Oost-Vlaanderen","Beveren",9120,4177,51.2517208,4.2624593
"Leopoldkanaal",NA,0,"TBD","Oost-Vlaanderen","Maldegem",9990,2121,51.2402434,3.4837355
NA,NA,NA,"TBD","West-Vlaanderen","Lo-Reninge",8647,NA,50.9586893,2.771786
"Lovaart",NA,NA,"TBD","West-Vlaanderen","Lo-Reninge",8647,NA,50.9716344,2.7377762
"Ijzer",NA,NA,"TBD","West-Vlaanderen","Diksmuide",8600,NA,50.9882039,2.8136319
"Moervaart",NA,NA,"TBD","Oost-Vlaanderen","Moerbeke",9180,NA,51.173329,3.958132
"Brugse Vaart",NA,NA,"TBD","Oost-Vlaanderen","Gent",9000,NA,51.0691866,3.6949296
"Dender",NA,NA,"TBD","Oost-Vlaanderen","Dendermonde",9200,NA,51.0248726,4.0767594
NA,"Oude Leie Sint-Baafs-Vijve",NA,"TBD","West-Vlaanderen","Wielsbeke",8710,NA,50.9084883,3.3901706
"Watering de Burggravenstroom","Het Leen",NA,"TBD","Oost-Vlaanderen","Lievegem",9931,NA,51.1638532,3.5656502
"Spaarbekken Koolhofvaart","Koolhofput in Nieuwpoort",NA,"TBD","West-Vlaanderen","Nieuwpoort",8620,NA,51.1204105,2.7587986
NA,"Moorseelsesteenweg, Sterrebosvijver",NA,"TBD","West-Vlaanderen","Roeselare",8800,NA,50.9270384,3.137029
NA,"Breevendreef, t.h.v. de cafetaria v/h zwembad",NA,"TBD","Antwerpen","Bornem",2880,NA,51.0913189,4.2391514
NA,"Zaffelare,Giesmeersbos,Bosdam,veldweg",NA,"TBD","Oost-Vlaanderen","Lochristi",9080,NA,51.1429647,3.8800557
"Watering de Burggravenstroom","Provinciaal Domein Het Leen",NA,"TBD","Oost-Vlaanderen","Lievegem",9950,NA,51.1651471,3.5788206
"Watering de Burggravenstroom","Provinciaal Domein Het Leen",NA,"TBD","Oost-Vlaanderen","Lievegem",9950,NA,51.1662117,3.5753712
"Oostpolderkreek","Oostpolderkreek",NA,"TBD","Oost-Vlaanderen","Sint-Laureins",9982,NA,51.2611327,3.5820292
"Boerenkreek","Boerekreek",NA,"TBD","Oost-Vlaanderen","Sint-Laureins",9982,NA,51.2657601,3.577096
"Mazurekreek","Mazurekreek",NA,"TBD","Oost-Vlaanderen","Sint-Laureins",9982,NA,51.2596778,3.5634546
"Kragenwiel",NA,NA,"TBD","Antwerpen","Bornem",2880,NA,51.1092937,4.2478199
NA,"fort",NA,"TBD","Antwerpen","Antwerpen",2600,NA,51.1905352,4.4293877
"Fortgracht","fort",NA,"TBD","Antwerpen","Edegem",2650,NA,51.1667654,4.4365771
NA,"fort",NA,"TBD","Antwerpen","Mortsel",2640,NA,51.1718562,4.4609497
NA,"fort",NA,"TBD","Antwerpen","Antwerpen",2610,NA,51.1634236,4.4021273
NA,"fort",NA,"TBD","Antwerpen","Antwerpen",2610,NA,51.1636463,4.3741224
NA,"Marmerkreeft in 2020-2021",NA,"TBD","Antwerpen","Antwerpen",2610,NA,51.1653519,4.3666873
"Visvijver","Rivierenhof (toestemming vragen)",NA,"TBD","Antwerpen","Antwerpen",2100,NA,51.2129726,4.4713983
"E10-plas",NA,NA,"TBD","Antwerpen","Brasschaat",2930,NA,51.3022217,4.5369521
NA,NA,1,"TBD","Antwerpen","Ranst",2520,NA,51.2285958,4.6120736
NA,NA,NA,"TBD","Antwerpen","Lier",2500,NA,51.0833185,4.5655756
NA,NA,NA,"TBD","Antwerpen","Sint-Katelijne-Waver",2860,NA,51.0598583,4.5109872
"Bergelenput","recreation area (provincial dom. Bergelen Put)",NA,"TBD","West-Vlaanderen","Wevelgem",8560,NA,50.8388989,3.1838946
"Watersportbaan","watersportbaan, Gent",NA,"TBD","Oost-Vlaanderen","Gent",9000,NA,51.0517868,3.6788923
"Schoonmeersvijver","recreation area, Overmeers",NA,"TBD","Oost-Vlaanderen","Gent",9000,NA,51.0339201,3.6972447
"Bellefroid vijver",NA,NA,"TBD","Vlaams-Brabant","Leuven",3012,NA,50.9056413,4.7035974
NA,"Turnhout",NA,"TBD","Antwerpen","Turnhout",2300,NA,51.3101635,4.9474125
NA,"ANB",NA,"TBD","Limburg","Lommel",3920,NA,51.2475131,5.2883434
"Heuvelse Heide",NA,NA,"TBD","Limburg","Lommel",3920,NA,51.2468924,5.3641626
NA,"Londerzeel",NA,"TBD","Vlaams-Brabant","Londerzeel",1840,NA,50.9996774,4.3005495
"Gaverplas","recreation area, Provincial dom. De Gavers Geraardsbergen",NA,"TBD","Oost-Vlaanderen","Geraardsbergen",9500,NA,50.7922846903992,3.91394379933084
NA,"Dendermonde",NA,"TBD","Oost-Vlaanderen","Dendermonde",9200,NA,51.0281661,4.1077832
NA,"Dendermonde",NA,"TBD","Oost-Vlaanderen","Dendermonde",9200,NA,51.0255951,4.1035452
NA,NA,NA,"TBD","Oost-Vlaanderen","Dendermonde",9200,NA,51.0296762,4.1100406
NA,"Bilzen",NA,"TBD","Limburg","Bilzen",3740,NA,50.8633251,5.5139927
NA,"citadelpark",NA,"TBD","Oost-Vlaanderen","Gent",9000,NA,51.0389914,3.7233503
NA,"recreation area, Provincial dom. Puyenbroeck",NA,"TBD","Oost-Vlaanderen","Wachtebeke",9185,NA,51.1495342,3.8824034
"Roeselarekreek","Roeselarekreek",NA,"TBD","Oost-Vlaanderen","Sint-Laureins",9982,NA,51.2691229,3.5608716
NA,NA,NA,"TBD","Oost-Vlaanderen","Hamme",9220,NA,51.0670983,4.1824636
"Oude Dender",NA,0,"TBD","Oost-Vlaanderen","Dendermonde",9200,0,51.0258332,4.0783975
NA,NA,NA,"TBD","West-Vlaanderen","Zuienkerke",8377,NA,51.258039,3.1818424
"Polderwind",NA,NA,"TBD","West-Vlaanderen","Zuienkerke",8377,NA,51.2609007,3.1796315
NA,NA,NA,"TBD","Oost-Vlaanderen","Dendermonde",9200,NA,51.0240833,4.0959897
"Kanaal van Beverlo",NA,NA,"TBD","Antwerpen","Balen",2490,NA,51.1902884,5.244542
NA,NA,NA,"TBD","Antwerpen","Schoten",2900,NA,51.2927059,4.5470864
"Scheppelijke Nete",NA,NA,"TBD","Antwerpen","Mol",2400,NA,51.2040817,5.1834068
"Spanjaardbeek",NA,NA,"TBD","West-Vlaanderen","Kortemark",8610,NA,51.0286484,3.0580516
"Kasteelbeek",NA,NA,"TBD","West-Vlaanderen","Kortemark",8610,NA,51.0314949,3.0493828
NA,"visvijver?",NA,"TBD","Oost-Vlaanderen","Gent",9000,NA,51.0787438,3.719324
NA,"vijver speeltuin Ter Durmenpark",NA,"TBD","Oost-Vlaanderen","Gent",9032,NA,51.0929578,3.702029
"Nieuwe Kale","extra punt Kevin",NA,"TBD","Oost-Vlaanderen","Evergem",9940,NA,51.1034925,3.6992643
"Visput 3",NA,NA,"TBD","Oost-Vlaanderen","Melle",9090,NA,50.993275,3.8042573
NA,NA,NA,"TBD","Vlaams-Brabant","Kortenberg",3078,NA,50.8845868,4.5636599
"De Broeken",NA,NA,"TBD","Limburg","Dilsen-Stokkem",3650,NA,51.0681912,5.7355404
NA,NA,NA,"TBD","Oost-Vlaanderen","Laarne",9270,NA,51.0360752,3.8481604
NA,NA,NA,"TBD","Antwerpen","Heist-op-den-Berg",2222,NA,51.1215562,4.7002459
NA,"Stiltehuis KUL",NA,"TBD","Vlaams-Brabant","Leuven",3001,NA,50.8589393,4.6661371
"Lemingsbeek","extra punt Kevin",NA,"TBD","Vlaams-Brabant","Leuven",3012,NA,50.9048287,4.7117939
NA,NA,NA,"TBD","West-Vlaanderen","Beernem",8730,NA,51.1165137,3.2914765
"Kanaal Dessel-Schoten",NA,NA,"TBD","Antwerpen","Turnhout",2300,NA,51.3274215,4.9160958
"Warmbeek",NA,NA,"TBD","Limburg","Pelt",3910,NA,51.2251145,5.492385
NA,NA,NA,"TBD","Limburg","Pelt",3910,NA,51.2265491,5.5083407
"Grote Nete",NA,NA,"TBD","Limburg","Hechtel-Eksel",3940,NA,51.1341464,5.3779604
NA,"Kanaal van Beverlo",NA,"TBD","Antwerpen","Balen",2490,NA,51.1533249,5.2511977
"Kanaal",NA,NA,"TBD","Limburg","Maasmechelen",3631,NA,50.9342336,5.7123655
"Molse Nete",NA,NA,"TBD","Antwerpen","Balen",2490,NA,51.1875052,5.1570086
"Vallei van de Mangelbeek",NA,NA,"TBD","Limburg","Heusden-Zolder",3550,NA,51.023217,5.2880405
"Bruulbeek",NA,NA,"TBD","Vlaams-Brabant","Bierbeek",3360,NA,50.8488965,4.7973268
"Kleine Reigersbeek",NA,NA,"TBD","Oost-Vlaanderen","Deinze",9800,NA,51.0160398,3.5349938
"Molenbeek",NA,NA,"TBD","Oost-Vlaanderen","Melle",9090,NA,50.9749119,3.7899679
"Driesesloot",NA,NA,"TBD","Oost-Vlaanderen","Wichelen",9260,NA,51.023506,3.9293331
NA,NA,NA,"TBD","Limburg","Lommel",3920,NA,51.2654471,5.3623945
"Grote Nete",NA,NA,"TBD","Antwerpen","Balen",2491,NA,51.1470732,5.1343553
NA,NA,NA,"TBD","Antwerpen","Balen",2491,NA,51.1460064,5.1341025
"Kanaal Gent-Brugge",NA,NA,"TBD","West-Vlaanderen","Beernem",8730,NA,51.1376902,3.3306563
"Ronselarebeek",NA,NA,"TBD","West-Vlaanderen","Brugge",8000,NA,51.257102,3.252708
"Abeek",NA,NA,"TBD","Limburg","Kinrooi",3640,NA,51.162806,5.741083
NA,NA,NA,"TBD","Antwerpen","Balen",2491,NA,51.1461648,5.1410524
NA,NA,NA,"TBD","Antwerpen","Balen",2491,NA,51.1458209,5.1421366
"Vogelzang",NA,NA,"TBD","Antwerpen","Antwerpen",2020,NA,51.18664,4.40863
NA,"gracht rond Middelheimmuseum",NA,"TBD","Antwerpen","Antwerpen",2020,NA,51.17985,4.4122
"Hollebeek",NA,NA,"TBD","Antwerpen","Antwerpen",2610,NA,51.181113,4.3731417
"Kasteel Diepensteyn",NA,NA,"TBD","Vlaams-Brabant","Londerzeel",1840,NA,51.000656,4.2715318
"Kleiputten",NA,NA,"TBD","Oost-Vlaanderen","Sint-Niklaas",9111,NA,51.163632,4.1244265
NA,"Bezoekerscentrum De Wulp",NA,"TBD","Limburg","Pelt",3910,NA,51.248411,5.41703
"Steengote",NA,NA,"TBD","Oost-Vlaanderen","Zele",9240,NA,51.062782,4.081158
"Watering Oude Kale en Meirebeek",NA,NA,"TBD","Oost-Vlaanderen","Lievegem",9920,NA,51.088417,3.620158
NA,NA,NA,"TBD","Oost-Vlaanderen","Hamme",9220,NA,51.0588728,4.1719219
"Barbierbeek",NA,NA,"TBD","Oost-Vlaanderen","Sint-Niklaas",9100,NA,51.1488282,4.1871482
NA,NA,NA,"TBD","Oost-Vlaanderen","Sint-Niklaas",9100,NA,51.1831314,4.1304798
NA,NA,NA,"TBD","Limburg","Pelt",3910,NA,51.249836,5.416268
"Abeek",NA,NA,"TBD","Limburg","Kinrooi",3640,NA,51.15276,5.75201
"Abeek",NA,NA,"TBD","Limburg","Kinrooi",3640,NA,51.158444,5.705841
NA,NA,NA,"TBD","Oost-Vlaanderen","Hamme",9220,NA,51.074298,4.175564
