"NAAM","OMSCHR","CATC","startDate","provincie","gemeente","postcode","VHAG","Latitude","Longitude"
"Voer","Leefdaal, Lange Gracht, 5m opw 479200",2,"20-07-2024","Vlaams-Brabant","Bertem",3061,6919,50.8331618,4.5546995
"Grote Molenbeek","Kobbegem; Sint-Goriksstraat, afw Torenhof",2,"TBD","Vlaams-Brabant","Asse",1730,6,50.9065872,4.2510468
"Maalbeek","Zellik, Molenbeekdal / T. Coppensstraat, via wandelweg tot 100 m opw brugje, 10 m opw effluent Puratos",2,"TBD","Vlaams-Brabant","Asse",1731,6960,50.8825544,4.2658569
"Birrebeek","Kapelle-o/d-Bos; Hogerheistraat; begin 110m opw brugje",2,"TBD","Vlaams-Brabant","Kapelle-op-den-Bos",1880,3106,51.0075036,4.3534237
