"NAAM","OMSCHR","CATC","startDate","provincie","gemeente","postcode","VHAG","Latitude","Longitude"
"Gauweloze kreek","Zandvoorde, Zandvoordestraat, saf 695000",1,"24-09-2024","West-Vlaanderen","Oostende",8400,14884,51.2151213,2.9451622
"Bellebeek","Affligemsestraat-Driesstraat,afw weg,thv handelszaak",1,"27-09-2024","Vlaams-Brabant","Liedekerke",1770,5956,50.8854042,4.0965682
"Bellebeek","Teralfene,Stationsstraat,afw Bellemolen, thv 524000",1,"27-09-2024","Vlaams-Brabant","Affligem",1790,5956,50.8880448,4.1156538
"Lossing","Lossing-Emissaire, Molenbeersel, Vlasbrei, Uffelseweg, grenspaal 145, opw brug",1,"TBD","Limburg","Kinrooi",3640,9967,51.1717186,5.7795737
"Bosbeek","Slagmolen, opw en afw brug",1,"TBD","Limburg","Oudsbergen",3660,10004,51.0427817,5.6160607
"Antitankkanaal","'s Gravenwezel, Noorderlaan",1,"TBD","Antwerpen","Schilde",2970,17603,51.2630475,4.5877525
"Noordzuid Verbinding","Verrebroek; Bemalingsstation thv expressweg",1,"TBD","Oost-Vlaanderen","Beveren",9130,3111,51.252614,4.201021
"Dijle","Kessel-Lo, Dijledreef, opw brug",1,"TBD","Vlaams-Brabant","Leuven",3010,6551,50.8913324,4.7102315
"Dijle","Heverlee, opw brug voor kasteel van Arenberg",1,"TBD","Vlaams-Brabant","Leuven",3001,6551,50.8630093,4.6835057
"Zenne","Lembeek, Heldenstr/Gasthuisstr, afw brug",1,"TBD","Vlaams-Brabant","Halle",1502,6552,50.7120313,4.2257134
"De Hulpe","Testelt, verlengde Wijngaardstr, weg langs Demer, opw brug",1,"TBD","Vlaams-Brabant","Scherpenheuvel-Zichem",3271,7360,51.0071698,4.9664636
"Zuidlede","Eksaarde,einde Reepstraat,veldweg",1,"TBD","Oost-Vlaanderen","Lokeren",9160,26,51.1372354,3.9701579
"Kleine Aa of Weerijsbeek","Loenhout; Vloeiweg, afw watermolenbrug",1,"TBD","Antwerpen","Wuustwezel",2990,9503,51.4211058,4.6411677
"Mark","Meer; Hoogstraat/Looi, BIO en FC afwaarts brug",1,"TBD","Antwerpen","Hoogstraten",2321,9502,51.4452341,4.7472234
"Mark","Wortel;Klinketstraat,afw Klinketbrug (naast Kolon",1,"TBD","Antwerpen","Hoogstraten",2320,9502,51.3984956,4.7854061
"Blankenbergsevaart","Uitkerke, Scharebrugstraat, Scharebrug",1,"TBD","West-Vlaanderen","Blankenberge",8370,2123,51.2771978,3.1260221
"Dommel","Neerpelt, Volmolenstr, opw weg",1,"TBD","Limburg","Pelt",3910,9512,51.2358368,5.4214858
"Dommel","Kleine-Brogel,opw brug aan woning (galerie Daelhoxent)",1,"TBD","Limburg","Pelt",3900,9512,51.173648,5.436339
"Poperingevaart","Oostvleteren, Stavelestraat, Evershamhoeve",1,"TBD","West-Vlaanderen","Vleteren",8640,1203,50.9468729,2.7163548
"Lossing","Molenbeersel, Bekerstr, 20m opw brug",1,"TBD","Limburg","Kinrooi",3640,9967,51.169877,5.7699146
"Lossing","Molenbeersel, Weertersteenweg, onverhard pad natuurreservaat, 30m opw brug",1,"TBD","Limburg","Kinrooi",3640,9967,51.1645167,5.7399779
"Itterbeek","Kessenich, Manestr, 10 m afw brug",1,"TBD","Limburg","Kinrooi",3640,9522,51.1508565,5.7754728
"Groot Schijn","Deurne; Parkweg, Ter Rivierenhof; brugje speelweide voor Sterckshof",1,"TBD","Antwerpen","Antwerpen",2100,3103,51.2157209,4.4590502
"Waterloop van de hoge landen","Kallo; Steenlandlaan; 100m opw brugje na betonnen wand beginnen",1,"TBD","Oost-Vlaanderen","Beveren",9130,3110,51.2430219,4.2597537
"Dijle","Werchter, afw 216000, voorbij bocht",1,"TBD","Vlaams-Brabant","Rotselaar",3118,6551,50.96651,4.6946368
"Vunt","Wilsele, Van der Nootstr, opw monding Vunt en 217300",1,"TBD","Vlaams-Brabant","Leuven",3012,6603,50.9285196,4.7109437
"Dijle","Wilsele, Oudstrijdersln, 10m opw brug en overstort",1,"TBD","Vlaams-Brabant","Leuven",3012,6551,50.9100843,4.7102687
"Grote Molenbeek","Puurs; Achterheide; beginnen aan fietsbrugje",1,"TBD","Antwerpen","Puurs-Sint-Amands",2890,6,51.0541728,4.2621447
"Grote Molenbeek","Steenhuffel; Robbroek; opw brug Marselaarmolen",1,"TBD","Vlaams-Brabant","Londerzeel",1840,6,50.9808973,4.2640039
"Grote Nete","Balen; bereikbaar via kanaalpad; begin aan zandweg (300m afw mtp 261900)",1,"TBD","Antwerpen","Balen",2490,8501,51.149968,5.1432007
"De Aa","Poederlee; Groesaard; +/- 120m opw brug beginnen (einde canadabomen)",1,"TBD","Antwerpen","Lille",2275,8504,51.225805,4.8581553
"De Aa","Vorselaar/Herentals",1,"TBD","Antwerpen","Herentals",2200,8504,51.2012885,4.7942723
"De Aa","Tielen; Walravens; opwaarts brug",1,"TBD","Antwerpen","Kasterlee",2460,8504,51.2432886,4.8728888
"Wimp","Herenthout; Itegemsestwg; 120m afw brug beginnen",1,"TBD","Antwerpen","Herenthout",2270,8507,51.1259324,4.7591022
"Demer","Bilzen, Rentfortstr, opw 401000",1,"TBD","Limburg","Bilzen",3740,7151,50.8898258,5.5063873
"De Hulpe","24/3-4; Zichem; begin traject 30m opw MP 410600",1,"TBD","Vlaams-Brabant","Scherpenheuvel-Zichem",3271,7360,51.0085692,4.9912887
"Kleine Gete","Neerwinden-Ezemaal, 30m opw 433000",1,"TBD","Vlaams-Brabant","Landen",3400,7161,50.7749738,5.0026014
"Vunt","Wilsele, Aarschotsestw, afw brug en overstorten",1,"TBD","Vlaams-Brabant","Leuven",3012,6603,50.9151847,4.7152261
"Voer","Heverlee, Kapeldreef, laatste bocht voor Heverleebos",1,"TBD","Vlaams-Brabant","Leuven",3001,6919,50.8633361,4.6721017
"Vondelbeek","St-Gillis-bij-Dendermonde, Snuifmolenstraat",1,"TBD","Oost-Vlaanderen","Dendermonde",9200,6337,51.0211062,4.1003565
"Vondelbeek","St-Gillis-bij-Dendermonde",1,"TBD","Oost-Vlaanderen","Dendermonde",9200,6337,51.0104865,4.0987928
"Zuidlede","Stenenbrug,veldweg langs Zuidlede",1,"TBD","Oost-Vlaanderen","Moerbeke",9180,26,51.1478349,3.9110453
"Gaverbeek","Oostpoort",1,"TBD","West-Vlaanderen","Waregem",8793,4202,50.905814,3.4124769
"Maarkebeek","Oudenaarde,Spoorweglaan. 100m stroomafwaarts vanaf spoorwegbrug",1,"TBD","Oost-Vlaanderen","Oudenaarde",9700,5003,50.8187231,3.6408138
"Oude Kale","Molendam-Molenslag,Molenbrug,opw weg",1,"TBD","Oost-Vlaanderen","Lievegem",9920,72,51.0832226,3.6207069
"Oude Kale","Landegem,Brouwerijstraat,afw weg",1,"TBD","Oost-Vlaanderen","Deinze",9850,72,51.0578843,3.5717004
"Nieuwe Kale","Vinderhoute,jaagpad,opw Bemalingsstation",1,"TBD","Oost-Vlaanderen","Lievegem",9921,625,51.087422,3.656217
"Antitankkanaal","Brasschaat; Sionkloosterlaan ten einde naar toegang Fort van Brasschaat; 120m afwaarts ringgracht Fort",1,"TBD","Antwerpen","Brasschaat",2930,113,51.3303095,4.4910672
"Moerdijkvaart","Vaartstraat, Wittebrug",1,"TBD","West-Vlaanderen","Gistel",8470,1209,51.1700324,2.9620238
"Moerdijkvaart",NA,1,"TBD","West-Vlaanderen","Oudenburg",8460,1209,51.1704978428547,2.96531269098783
"Noordede","Vlissegem, Brugse Baan, Lepelem",1,"TBD","West-Vlaanderen","Jabbeke",8490,2122,51.2429291,3.1108916
"Kerkebeek",NA,1,"TBD","West-Vlaanderen","Zedelgem",8210,54716,51.1581851,3.1889617
"Kerkebeek","Sint-Michiels, Rijselstraat, Stokvelde",1,"TBD","West-Vlaanderen","Brugge",8200,54716,51.1744665,3.208793
"Dommel","MP91000; afw brug; RO; te voet door wei tot aan grote zomereik",1,"TBD","Limburg","Pelt",3910,9512,51.2679807,5.4284195
"Stenensluisvaart","Woumen, Rapestraat",1,"TBD","West-Vlaanderen","Diksmuide",8600,1379,51.0006079,2.8292666
"Waterloop van de hoge landen",NA,1,"TBD","Oost-Vlaanderen","Beveren",9120,3110,51.2389791,4.2039857
"Kanaal van Stekene","geen kreeften in 2023",1,"TBD","Oost-Vlaanderen","Stekene",9190,123,51.1982907,4.0362259
"Isabellawatering","Major polder waterway",1,"TBD","Oost-Vlaanderen","Assenede",9961,2826,51.2657738,3.6871856
"Avrijevaart",NA,1,"TBD","Oost-Vlaanderen","Evergem",9940,282,51.1658602,3.7646543
"Antitankkanaal","Antitankgracht",1,"TBD","Antwerpen","Schilde",2970,17603,51.2483174,4.5985564
"Gavermeer",NA,1,"TBD","West-Vlaanderen","Harelbeke",8530,NA,50.8400718,3.3144738
"Gavermeer",NA,1,"TBD","West-Vlaanderen","Deerlijk",8540,0,50.8457795,3.326138
"Winge","Watermolen op de Winge",1,"TBD","Vlaams-Brabant","Rotselaar",3111,0,50.9370799,4.7730101
"Grote Molenbeek","Steenhuffel, Lakeman, opw brug",1,"TBD","Vlaams-Brabant","Londerzeel",1840,6,50.9962826,4.2716058
"Blauwhuisbeek","Hertsberg, Sterredreef",1,"TBD","West-Vlaanderen","Oostkamp",8020,927,51.1025832,3.2575029
"Merebeek","Vinderhoute,Bulken,Langendam",1,"TBD","Oost-Vlaanderen","Gent",9031,402,51.0822354,3.6543178
