"NAAM","OMSCHR","CATC","startDate","provincie","gemeente","postcode","VHAG","Latitude","Longitude"
"Prinsenpark",NA,NA,"01-10-2024","Antwerpen","Retie",2470,NA,51.22879,5.038109
"Prinsenpark",NA,NA,"01-10-2024","Antwerpen","Retie",2470,NA,51.224666,5.045138
NA,NA,NA,"22-10-2024","West-Vlaanderen","Oostende",8400,NA,51.2194509,2.9206659
"Steenputbeek","Dworp/Essenbeek, Winkelaar/Kapittel, 5 m opw weg (voorbij zijgrachtje)",9,"TBD","Vlaams-Brabant","Beersel",1653,7068,50.7268228,4.2879533
"Kleine Mark","Rijkevorsel; Koekhoven; 10m opw brug beginnen",9,"TBD","Antwerpen","Rijkevorsel",2310,9968,51.3506689,4.7715484
"Bovendurme","Moervaart, Rode Amerikaanse rivierkreeft in 2022",0,"TBD","Oost-Vlaanderen","Lokeren",9160,15074,51.1294864,3.978681
NA,NA,9,"TBD","Oost-Vlaanderen","Beveren",9120,4177,51.2517208,4.2624593
"Leopoldkanaal",NA,0,"TBD","Oost-Vlaanderen","Maldegem",9990,2121,51.2402434,3.4837355
NA,"Bourgoyen",0,"TBD","Oost-Vlaanderen","Gent",9030,799,51.066723,3.67287
"Demer","Demer 4",0,"TBD","Vlaams-Brabant","Scherpenheuvel-Zichem",3272,7151,51.002933,4.9333761
NA,NA,NA,"TBD","West-Vlaanderen","Lo-Reninge",8647,NA,50.9586893,2.771786
"Lovaart",NA,NA,"TBD","West-Vlaanderen","Lo-Reninge",8647,NA,50.9716344,2.7377762
"Ijzer",NA,NA,"TBD","West-Vlaanderen","Diksmuide",8600,NA,50.9882039,2.8136319
"Moervaart",NA,NA,"TBD","Oost-Vlaanderen","Moerbeke",9180,NA,51.173329,3.958132
"Brugse Vaart",NA,NA,"TBD","Oost-Vlaanderen","Gent",9000,NA,51.0691866,3.6949296
"Dender",NA,NA,"TBD","Oost-Vlaanderen","Dendermonde",9200,NA,51.0248726,4.0767594
NA,"Oude Leie Sint-Baafs-Vijve",NA,"TBD","West-Vlaanderen","Wielsbeke",8710,NA,50.9084883,3.3901706
"Watering de Burggravenstroom","Het Leen",NA,"TBD","Oost-Vlaanderen","Lievegem",9931,NA,51.1638532,3.5656502
"Klein Wachtbekken van de Zuunbeek","Groot en Klein Wachtbekken Zuunbeek",NA,"TBD","Vlaams-Brabant","Sint-Pieters-Leeuw",1600,NA,50.7935364,4.2699178
"Spaarbekken Koolhofvaart","Koolhofput in Nieuwpoort",NA,"TBD","West-Vlaanderen","Nieuwpoort",8620,NA,51.12336,2.7564168
NA,"Moorseelsesteenweg, Sterrebosvijver",NA,"TBD","West-Vlaanderen","Roeselare",8800,NA,50.9268186,3.1374045
NA,"Breevendreef, t.h.v. de cafetaria v/h zwembad",NA,"TBD","Antwerpen","Bornem",2880,NA,51.0913189,4.2391514
NA,"Zaffelare,Giesmeersbos,Bosdam,veldweg",NA,"TBD","Oost-Vlaanderen","Lochristi",9080,NA,51.1429647,3.8800557
"Watering de Burggravenstroom","Provinciaal Domein Het Leen",NA,"TBD","Oost-Vlaanderen","Lievegem",9950,NA,51.1651471,3.5788206
"Watering de Burggravenstroom","Provinciaal Domein Het Leen",NA,"TBD","Oost-Vlaanderen","Lievegem",9950,NA,51.1662117,3.5753712
NA,NA,NA,"TBD","Oost-Vlaanderen","Beveren",9130,NA,51.2581946,4.1944395
"Grote Saleghemgeul","Geen kreeften in 2021-2022",NA,"TBD","Oost-Vlaanderen","Sint-Gillis-Waas",9170,NA,51.244686,4.1271735
"Oostpolderkreek","Oostpolderkreek",NA,"TBD","Oost-Vlaanderen","Sint-Laureins",9982,NA,51.2611327,3.5820292
"Boerenkreek","Boerekreek",NA,"TBD","Oost-Vlaanderen","Sint-Laureins",9982,NA,51.2657601,3.577096
"Grote Geul",NA,99,"TBD","Oost-Vlaanderen","Assenede",9960,0,51.2464656,3.749102
"Mazurekreek","Mazurekreek",NA,"TBD","Oost-Vlaanderen","Sint-Laureins",9982,NA,51.2596778,3.5634546
"Kragenwiel",NA,NA,"TBD","Antwerpen","Bornem",2880,NA,51.1092937,4.2478199
NA,"fort",NA,"TBD","Antwerpen","Antwerpen",2600,NA,51.1905352,4.4293877
NA,"fort",NA,"TBD","Antwerpen","Antwerpen",2610,NA,51.1636463,4.3741224
NA,"Marmerkreeft in 2020-2021",NA,"TBD","Antwerpen","Antwerpen",2610,NA,51.1653519,4.3666873
"Visvijver","Rivierenhof (toestemming vragen)",NA,"TBD","Antwerpen","Antwerpen",2100,NA,51.2129726,4.4713983
"E10-plas",NA,NA,"TBD","Antwerpen","Brasschaat",2930,NA,51.3022217,4.5369521
NA,NA,1,"TBD","Antwerpen","Ranst",2520,NA,51.2285958,4.6120736
NA,NA,NA,"TBD","Antwerpen","Lier",2500,NA,51.0833185,4.5655756
NA,NA,NA,"TBD","Antwerpen","Sint-Katelijne-Waver",2860,NA,51.0598583,4.5109872
"Bergelenput","recreation area (provincial dom. Bergelen Put)",NA,"TBD","West-Vlaanderen","Wevelgem",8560,NA,50.8388989,3.1838946
"Watersportbaan","watersportbaan, Gent",NA,"TBD","Oost-Vlaanderen","Gent",9000,NA,51.0517868,3.6788923
NA,"Citadelpark",NA,"TBD","Oost-Vlaanderen","Gent",9000,NA,51.0355132,3.7201661
"Schoonmeersvijver","recreation area, Overmeers",NA,"TBD","Oost-Vlaanderen","Gent",9000,NA,51.0339201,3.6972447
"Bellefroid vijver",NA,NA,"TBD","Vlaams-Brabant","Leuven",3012,NA,50.9056413,4.7035974
NA,"Turnhout",NA,"TBD","Antwerpen","Turnhout",2300,NA,51.3101635,4.9474125
NA,"ANB",NA,"TBD","Limburg","Lommel",3920,NA,51.2475131,5.2883434
"Heuvelse Heide",NA,NA,"TBD","Limburg","Lommel",3920,NA,51.2468924,5.3641626
NA,"Londerzeel",NA,"TBD","Vlaams-Brabant","Londerzeel",1840,NA,50.9996774,4.3005495
"Gaverplas","recreation area, Provincial dom. De Gavers Geraardsbergen",NA,"TBD","Oost-Vlaanderen","Geraardsbergen",9500,NA,50.7922846903992,3.91394379933084
NA,"Dendermonde",NA,"TBD","Oost-Vlaanderen","Dendermonde",9200,NA,51.0281661,4.1077832
NA,"Dendermonde",NA,"TBD","Oost-Vlaanderen","Dendermonde",9200,NA,51.0255951,4.1035452
NA,NA,NA,"TBD","Oost-Vlaanderen","Dendermonde",9200,NA,51.0296762,4.1100406
NA,"Bilzen",NA,"TBD","Limburg","Bilzen",3740,NA,50.8633251,5.5139927
NA,"citadelpark",NA,"TBD","Oost-Vlaanderen","Gent",9000,NA,51.0389914,3.7233503
NA,"recreation area, Provincial dom. Puyenbroeck",NA,"TBD","Oost-Vlaanderen","Wachtebeke",9185,NA,51.1495342,3.8824034
"Roeselarekreek","Roeselarekreek",NA,"TBD","Oost-Vlaanderen","Sint-Laureins",9982,NA,51.2691229,3.5608716
NA,"Aartselaar",NA,"TBD","Antwerpen","Aartselaar",2630,NA,51.1377952,4.3945113
NA,"Kontich",NA,"TBD","Antwerpen","Kontich",2550,NA,51.1391208,4.4500527
NA,"wijnegem",NA,"TBD","Antwerpen","Wijnegem",2110,NA,51.2245608,4.5268978
NA,NA,NA,"TBD","Oost-Vlaanderen","Hamme",9220,NA,51.0670983,4.1824636
"Oude Dender",NA,0,"TBD","Oost-Vlaanderen","Dendermonde",9200,0,51.0258332,4.0783975
NA,NA,NA,"TBD","West-Vlaanderen","Zuienkerke",8377,NA,51.258039,3.1818424
"Polderwind",NA,NA,"TBD","West-Vlaanderen","Zuienkerke",8377,NA,51.2609007,3.1796315
NA,NA,NA,"TBD","Oost-Vlaanderen","Dendermonde",9200,NA,51.0240833,4.0959897
"Kanaal van Beverlo",NA,NA,"TBD","Antwerpen","Balen",2490,NA,51.1902884,5.244542
NA,NA,NA,"TBD","Antwerpen","Schoten",2900,NA,51.2927059,4.5470864
NA,NA,NA,"TBD","West-Vlaanderen","Ieper",8902,NA,50.8124192,2.9314844
"Spanjaardbeek",NA,NA,"TBD","West-Vlaanderen","Kortemark",8610,NA,51.0286484,3.0580516
"Kasteelbeek",NA,NA,"TBD","West-Vlaanderen","Kortemark",8610,NA,51.0314949,3.0493828
NA,"extra punt Kevin",NA,"TBD","Oost-Vlaanderen","Dendermonde",9200,NA,51.0517948,4.1226199
NA,"visvijver?",NA,"TBD","Oost-Vlaanderen","Gent",9000,NA,51.0787438,3.719324
NA,"vijver speeltuin Ter Durmenpark",NA,"TBD","Oost-Vlaanderen","Gent",9032,NA,51.0929578,3.702029
"Nieuwe Kale","extra punt Kevin",NA,"TBD","Oost-Vlaanderen","Evergem",9940,NA,51.1034925,3.6992643
"Visput 3",NA,NA,"TBD","Oost-Vlaanderen","Melle",9090,NA,50.993275,3.8042573
NA,NA,NA,"TBD","Vlaams-Brabant","Kortenberg",3078,NA,50.8845868,4.5636599
"De Broeken",NA,NA,"TBD","Limburg","Dilsen-Stokkem",3650,NA,51.0681912,5.7355404
NA,NA,NA,"TBD","Oost-Vlaanderen","Laarne",9270,NA,51.0360752,3.8481604
NA,NA,NA,"TBD","Antwerpen","Heist-op-den-Berg",2222,NA,51.1215562,4.7002459
NA,"Stiltehuis KUL",NA,"TBD","Vlaams-Brabant","Leuven",3001,NA,50.8589393,4.6661371
"Lemingsbeek","extra punt Kevin",NA,"TBD","Vlaams-Brabant","Leuven",3012,NA,50.9048287,4.7117939
NA,NA,NA,"TBD","West-Vlaanderen","Beernem",8730,NA,51.1165137,3.2914765
"Herseltseloop","suggestie I Beuls VL Brabant",NA,"TBD","Vlaams-Brabant","Begijnendijk",3130,NA,51.0267753,4.7954834
"Kanaal Dessel-Schoten",NA,NA,"TBD","Antwerpen","Turnhout",2300,NA,51.3274215,4.9160958
"Warmbeek",NA,NA,"TBD","Limburg","Pelt",3910,NA,51.2251145,5.492385
NA,NA,NA,"TBD","Limburg","Pelt",3910,NA,51.2265491,5.5083407
"Grote Nete",NA,NA,"TBD","Limburg","Hechtel-Eksel",3940,NA,51.1341464,5.3779604
NA,"Kanaal van Beverlo",NA,"TBD","Antwerpen","Balen",2490,NA,51.1533249,5.2511977
"Kanaal",NA,NA,"TBD","Limburg","Maasmechelen",3631,NA,50.9342336,5.7123655
"Molse Nete",NA,NA,"TBD","Antwerpen","Balen",2490,NA,51.1875052,5.1570086
"Vallei van de Mangelbeek",NA,NA,"TBD","Limburg","Heusden-Zolder",3550,NA,51.023217,5.2880405
"Bruulbeek",NA,NA,"TBD","Vlaams-Brabant","Bierbeek",3360,NA,50.8488965,4.7973268
"Kleine Reigersbeek",NA,NA,"TBD","Oost-Vlaanderen","Deinze",9800,NA,51.0160398,3.5349938
"Molenbeek",NA,NA,"TBD","Oost-Vlaanderen","Melle",9090,NA,50.9749119,3.7899679
"Driesesloot",NA,NA,"TBD","Oost-Vlaanderen","Wichelen",9260,NA,51.023506,3.9293331
NA,NA,NA,"TBD","Limburg","Lommel",3920,NA,51.2654471,5.3623945
"Grote Nete",NA,NA,"TBD","Antwerpen","Balen",2491,NA,51.1470732,5.1343553
NA,NA,NA,"TBD","Antwerpen","Balen",2491,NA,51.1460064,5.1341025
"Grote Struisbeek","extra punt Kevin",NA,"TBD","Antwerpen","Kontich",2550,NA,51.1426612,4.4084352
"Kanaal Gent-Brugge",NA,NA,"TBD","West-Vlaanderen","Beernem",8730,NA,51.1376902,3.3306563
"Ronselarebeek",NA,NA,"TBD","West-Vlaanderen","Brugge",8000,NA,51.257102,3.252708
"Abeek",NA,NA,"TBD","Limburg","Kinrooi",3640,NA,51.162806,5.741083
NA,NA,NA,"TBD","Antwerpen","Balen",2491,NA,51.1461648,5.1410524
NA,NA,NA,"TBD","Antwerpen","Balen",2491,NA,51.1458209,5.1421366
"Vogelzang",NA,NA,"TBD","Antwerpen","Antwerpen",2020,NA,51.18664,4.40863
NA,"gracht rond Middelheimmuseum",NA,"TBD","Antwerpen","Antwerpen",2020,NA,51.17985,4.4122
"Hollebeek",NA,NA,"TBD","Antwerpen","Antwerpen",2610,NA,51.181113,4.3731417
"Kasteel Diepensteyn",NA,NA,"TBD","Vlaams-Brabant","Londerzeel",1840,NA,51.000656,4.2715318
"Kleiputten",NA,NA,"TBD","Oost-Vlaanderen","Sint-Niklaas",9111,NA,51.163632,4.1244265
"Meersbloemvijver ",NA,NA,"TBD","Oost-Vlaanderen","Gent",9052,NA,50.985202,3.716197
"De Spanjaard",NA,NA,"TBD","Oost-Vlaanderen","De Pinte",9840,NA,50.980918,3.707763
NA,"Bezoekerscentrum De Wulp",NA,"TBD","Limburg","Pelt",3910,NA,51.248411,5.41703
"Steengote",NA,NA,"TBD","Oost-Vlaanderen","Zele",9240,NA,51.062782,4.081158
"Watering Oude Kale en Meirebeek",NA,NA,"TBD","Oost-Vlaanderen","Lievegem",9920,NA,51.088417,3.620158
NA,NA,NA,"TBD","Oost-Vlaanderen","Hamme",9220,NA,51.0588728,4.1719219
"Barbierbeek",NA,NA,"TBD","Oost-Vlaanderen","Sint-Niklaas",9100,NA,51.1488282,4.1871482
NA,NA,NA,"TBD","Oost-Vlaanderen","Sint-Niklaas",9100,NA,51.1831314,4.1304798
NA,NA,NA,"TBD","Limburg","Pelt",3910,NA,51.249836,5.416268
"Abeek",NA,NA,"TBD","Limburg","Kinrooi",3640,NA,51.158444,5.705841
"Zenne",NA,NA,"TBD","Vlaams-Brabant","Halle",1501,NA,50.744739,4.25021
"Molenbeek",NA,NA,"TBD","Vlaams-Brabant","Beersel",1654,NA,50.7562888,4.2657595
NA,NA,NA,"TBD","Oost-Vlaanderen","Hamme",9220,NA,51.074298,4.175564
"Vlassenbroekse polder",NA,NA,"TBD","Oost-Vlaanderen","Dendermonde",9200,NA,51.055074,4.13485
NA,NA,NA,"TBD","Oost-Vlaanderen","Aalter",9880,NA,51.109389,3.400705
"Durme",NA,NA,"TBD","Oost-Vlaanderen","Lokeren",9160,NA,51.108478,3.99197
"Lisseweegs Vaartje",NA,NA,"TBD","West-Vlaanderen","Brugge",8380,NA,51.267951,3.195695
"Autbroekloop",NA,NA,"TBD","Antwerpen","Bornem",2880,NA,51.1180833,4.2985397
"Antitankgracht",NA,NA,"TBD","Antwerpen","Ranst",2520,NA,51.210439,4.615385
"Mesureput",NA,NA,"TBD","Oost-Vlaanderen","Kruisem",9750,NA,50.903171,3.685047
"Scheldebroeken",NA,NA,"TBD","Oost-Vlaanderen","Zele",9240,NA,51.039,4.041855
"Dambeek",NA,NA,"TBD","Oost-Vlaanderen","Berlare",9290,NA,51.024045,4.033699
NA,NA,NA,"TBD","Oost-Vlaanderen","Dendermonde",9200,NA,51.043378,4.119151
NA,NA,NA,"TBD","Antwerpen","Turnhout",2300,NA,51.3590129,4.9624728
"Grote Astbeek",NA,NA,"TBD","Oost-Vlaanderen","Waasmunster",9250,NA,51.1370644,4.039342
"Klaverbeek",NA,NA,"TBD","Oost-Vlaanderen","Sint-Niklaas",9112,NA,51.1387529,4.0403949
NA,NA,NA,"TBD","Vlaams-Brabant","Sint-Pieters-Leeuw",1600,NA,50.782475,4.239501
"Ruiselaarbeek",NA,NA,"TBD","Oost-Vlaanderen","Sint-Niklaas",9112,NA,51.149032,4.022537
"Maalte",NA,NA,"TBD","Oost-Vlaanderen","Gent",9052,NA,51.018882,3.70515
"Grootgeleed",NA,NA,"TBD","West-Vlaanderen","Gistel",8470,NA,51.150606,2.992113
"Grootgeleed",NA,NA,"TBD","West-Vlaanderen","Gistel",8470,NA,51.135368,2.932188
"Leie",NA,NA,"TBD","Oost-Vlaanderen","Gent",9051,NA,51.022718,3.662586
"Moerdijkvaart",NA,NA,"TBD","West-Vlaanderen","Gistel",8470,NA,51.135665,2.989359
"Kruisilader",NA,NA,"TBD","West-Vlaanderen","Brugge",8380,NA,51.289472,3.173519
"Grote Nete",NA,NA,"TBD","Antwerpen","Hulshout",2235,NA,51.0618265,4.7866473
"Klein Schijn",NA,NA,"TBD","Antwerpen","Schoten",2900,NA,51.2374766,4.5129461
"Molenbeek",NA,NA,"TBD","Oost-Vlaanderen","Wetteren",9230,NA,50.990542,3.87673
"Grootgeleed",NA,NA,"TBD","West-Vlaanderen","Gistel",8470,NA,51.141675,2.9534261
"Oostveergote",NA,NA,"TBD","Oost-Vlaanderen","Zele",9240,NA,51.0505283,4.0453895
"Desselse Neet",NA,NA,"TBD","Antwerpen","Dessel",2470,NA,51.2565851,5.1060183
"Olentgracht",NA,NA,"TBD","Oost-Vlaanderen","Moerbeke",9180,NA,51.144841,3.9301138
"Vliet",NA,NA,"TBD","Antwerpen","Bornem",2880,NA,51.0836332,4.2890212
"Koningsbeek",NA,NA,"TBD","Antwerpen","Puurs-Sint-Amands",2870,NA,51.0804692,4.2672169
"Vliet",NA,NA,"TBD","Antwerpen","Puurs-Sint-Amands",2870,NA,51.072554,4.2699231
"Dijle",NA,NA,"TBD","Antwerpen","Mechelen",2800,NA,51.0196563,4.5018692
"Zonneputje",NA,NA,"TBD","Oost-Vlaanderen","Gent",9052,NA,50.993863,3.721124
"Watering Het Grootbroek",NA,NA,"TBD","Limburg","Kinrooi",3640,NA,51.155334,5.75214
"Grote Nete",NA,NA,"TBD","Antwerpen","Balen",2491,NA,51.150153,5.149361
NA,NA,NA,"TBD","Antwerpen","Balen",2490,NA,51.151999,5.146447
NA,NA,NA,"TBD","Vlaams-Brabant","Leuven",3000,NA,50.8612684,4.7381551
"Hoekevaart",NA,NA,"TBD","West-Vlaanderen","Knokke-Heist",8300,NA,51.3035601,3.3535741
NA,NA,NA,"TBD","West-Vlaanderen","Knokke-Heist",8300,NA,51.3075344,3.3536221
NA,NA,NA,"TBD","West-Vlaanderen","Damme",8340,NA,51.2989399,3.3637036
"Watering De Dommelvallei",NA,NA,"TBD","Limburg","Pelt",3900,NA,51.203514,5.37853
"Watering De Dommelvallei",NA,NA,"TBD","Limburg","Pelt",3900,NA,51.208177,5.395103
NA,NA,NA,"TBD","Oost-Vlaanderen","Gent",9051,NA,51.035853,3.667529
"Windgatbeek",NA,NA,"TBD","Oost-Vlaanderen","Lebbeke",9280,NA,50.999601,4.086909
NA,NA,NA,"TBD","Antwerpen","Lier",2500,NA,51.1091667,4.5272222
NA,NA,NA,"TBD","Oost-Vlaanderen","Buggenhout",9255,NA,50.989417,4.164278
NA,NA,NA,"TBD","Limburg","Pelt",3910,NA,51.235493,5.409433
NA,NA,NA,"TBD","Limburg","Lommel",3920,NA,51.258004,5.409064
"Antitankgracht",NA,NA,"TBD","Antwerpen","Kapellen",2950,NA,51.3341307,4.4706952
NA,NA,NA,"TBD","Antwerpen","Boom",2850,NA,51.0878472,4.3800916
NA,NA,NA,"TBD","Antwerpen","Boom",2850,NA,51.087015,4.3842758
"Sint Andrieszwin",NA,NA,"TBD","West-Vlaanderen","Brugge",8000,NA,51.2170345,3.1436378
