"locID","number_of_individuals","number_of_days","start_date","end_date","species","consecutive","vrijwillID","Latitude","Longitude"
"I_1501_1",0,4,2024-08-23,2024-08-26,"absent",TRUE,"mzc3ytq4",50.7447390025422,4.2502099959244
"I_1502_1",0,4,2024-08-24,2024-08-27,"absent",TRUE,"yjq4y2nh",50.7120313025491,4.22571339592696
"I_1502_4",0,4,2024-09-06,2024-09-09,"absent",TRUE,"mzc3ytq4",50.7128000025497,4.23340099592515
"I_1570_3",0,4,2024-09-24,2024-09-27,"absent",TRUE,"yjbhmzzi",50.739314,4.024344
"I_1600_4",0,4,2024-08-18,2024-08-21,"absent",TRUE,"mziwognl",50.7984079,4.2827493
"I_1600_8",0,4,2024-10-01,2024-10-05,"absent",FALSE,"otyyyjk1",50.7935364,4.2699178
"I_1600_9",0,4,2024-10-07,2024-10-10,"absent",TRUE,"otyyyjk1",50.783287,4.242457
"I_1640_2",0,4,2024-07-26,2024-07-29,"absent",TRUE,"yjq4y2nh",50.7220474025577,4.32813989590278
"I_1653_1",0,4,2024-07-26,2024-07-29,"absent",TRUE,"yjq4y2nh",50.7268228025517,4.2879532959132
"I_1654_2",0,4,2024-08-30,2024-09-02,"absent",TRUE,"mzc3ytq4",50.7562888025406,4.2657594959218
"I_1730_1",0,4,2024-06-26,2024-06-29,"absent",TRUE,"ownlnda3",50.9065872,4.2510468
"I_1740_1",0,5,2024-10-03,2024-10-07,"absent",TRUE,"yjmznwm3",50.8812453,4.1546679
"I_1745_1",0,5,2024-09-01,2024-09-05,"absent",TRUE,"ndzmm2ex",50.960996,4.212466
"I_1755_4",0,4,2024-08-29,2024-09-01,"absent",TRUE,"otgzymmz",50.8004074,4.0705318
"I_1770_1",10,4,2024-09-28,2024-10-01,"faxonius limosus",TRUE,"yjmznwm3",50.8854042,4.0965682
"I_1790_1",0,4,2024-09-28,2024-10-01,"absent",TRUE,"yjmznwm3",50.8880448,4.1156538
"I_1840_3",0,4,2024-09-13,2024-09-16,"absent",TRUE,"nty4mmqw",50.9808973,4.2640039
"I_2020_1",0,4,2024-09-25,2024-09-28,"absent",TRUE,"zdvjmdzk",51.18664,4.40863
"I_2020_2",0,4,2024-10-15,2024-10-18,"absent",TRUE,"zdvjmdzk",51.17985,4.4122
"I_2030_4",0,4,2024-08-10,2024-08-13,"absent",TRUE,"zjyxyjrl",51.3013959,4.3723865
"I_2100_2",0,4,2024-08-15,2024-08-18,"absent",TRUE,"owmxyjiw",51.2157209,4.4590502
"I_2100_4",11,5,2024-09-06,2024-09-10,"faxonius limosus",TRUE,"owmxyjiw",51.2129726,4.4713983
"I_2110_1",0,4,2024-09-10,2024-09-13,"absent",TRUE,"nwqymjk4",51.2245608,4.5268978
"I_2180_1",0,4,2024-08-19,2024-08-22,"absent",TRUE,"nzi4mtm4",51.3017677,4.3725453
"I_2220_1",196,4,2024-10-26,2024-10-29,"procambarus acutus",TRUE,"odcxnmmx",51.0906000024968,4.74089999583951
"I_2221_1",0,4,2024-08-27,2024-08-30,"absent",TRUE,"mmm4mzq3",51.0701906025052,4.7628235958319
"I_2221_2",0,5,2024-08-29,2024-09-02,"absent",TRUE,"ztfhota2",51.0486977025138,4.78322789582454
"I_2235_1",0,4,2024-09-13,2024-09-16,"absent",TRUE,"yjbjnzi1",51.0619956025121,4.80233249582118
"I_2260_1",0,4,2024-09-16,2024-09-19,"absent",TRUE,"ztfhota2",51.1021604,4.8324878
"I_2270_3",0,4,2024-07-31,2024-08-03,"absent",TRUE,"mmm4mzq3",51.1259324,4.7591022
"I_2275_1",0,4,2024-08-19,2024-08-22,"absent",TRUE,"njdknmu2",51.225805,4.8581553
"I_2275_2",0,4,2024-08-13,2024-08-16,"absent",TRUE,"yjq0ntkw",51.2668617,4.8841623
"I_2275_3",0,4,2024-08-13,2024-08-16,"absent",TRUE,"yjq0ntkw",51.2679451,4.8376797
"I_2300_4",6,4,2024-09-21,2024-09-24,"faxonius limosus",TRUE,"mzk5yjmz",51.3101635,4.9474125
"I_2321_1",0,4,2024-08-06,2024-08-09,"absent",TRUE,"zgjjotcy",51.4452341,4.7472234
"I_2330_1",0,4,2024-09-27,2024-09-30,"absent",TRUE,"njixzjg3",51.3673697,4.8755144
"I_2340_1",0,4,2024-07-25,2024-07-28,"absent",TRUE,"otuwnjq5",51.3128148,4.8376736
"I_2340_2",1,4,2024-07-30,2024-08-02,"faxonius limosus",TRUE,"otuwnjq5",51.3348974,4.8674389
"I_2360_3",0,4,2024-08-13,2024-08-16,"absent",TRUE,"mzk5yjmz",51.3193559,4.9769205
"I_2370_1",0,4,2024-08-12,2024-08-15,"absent",TRUE,"zwy2zjg3",51.3343984,5.1183225
"I_2380_1",1,4,2024-09-29,2024-10-02,"faxonius limosus",TRUE,"zde4odbk",51.359158,4.997395
"I_2387_3",0,4,2024-09-26,2024-09-29,"absent",TRUE,"njixzjg3",51.3986486,4.8996106
"I_2400_2",0,4,2024-07-16,2024-07-19,"absent",TRUE,"ztu0mthk",51.1790866,5.1125897
"I_2400_6",0,4,2024-10-20,2024-10-23,"absent",TRUE,"mwnhmtq1",51.230458,5.1813304
"I_2400_8",1,1,2024-09-04,2024-09-04,"faxonius limosus",TRUE,"y2y0zdvk",51.2138313,5.0524223
"I_2460_10",0,4,2024-08-20,2024-08-23,"absent",TRUE,"yjq0ntkw",51.2440713,4.9130423
"I_2460_2",3,4,2024-08-13,2024-08-16,"faxonius limosus",TRUE,"owm5ndk2",51.1987613,4.9030521
"I_2460_7",0,4,2024-08-26,2024-08-29,"absent",TRUE,"njdknmu2",51.2432886,4.8728888
"I_2480_2",0,4,2024-09-07,2024-09-10,"absent",TRUE,"zgu4nzuz",51.233302,5.1045285
"I_2491_7",0,4,2024-08-29,2024-09-02,"absent",FALSE,"ymfmywyx",51.150198,5.151801
"I_2500_1",0,5,2024-09-12,2024-09-16,"absent",TRUE,"zgi0mju3",51.1348,4.518105
"I_2520_1",1,4,2024-09-03,2024-09-06,"faxonius limosus",TRUE,"mmmwzmrh",51.1712784,4.6298545
"I_2520_8",0,5,2024-09-15,2024-09-19,"absent",TRUE,"zjkwzmrj",51.210439,4.615385
"I_2547_1",0,4,2024-09-20,2024-09-25,"absent",FALSE,"zgi0mju3",51.1273567,4.4924606
"I_2550_2",0,4,2024-10-16,2024-10-19,"absent",TRUE,"otjhmjg3",51.1391208,4.4500527
"I_2600_2",0,4,2024-09-04,2024-09-07,"absent",TRUE,"zdvjmdzk",51.1905352,4.4293877
"I_2610_1",0,5,2024-09-03,2024-09-07,"absent",TRUE,"zgjhngvm",51.1634236,4.4021273
"I_2610_2",0,4,2024-08-09,2024-08-12,"absent",TRUE,"ymjlzwe4",51.1636463,4.3741224
"I_2610_3",30,4,2024-08-13,2024-08-16,"procambarus virginalis",TRUE,"ymjlzwe4",51.1653519,4.3666873
"I_2620_1",0,4,2024-10-11,2024-10-14,"absent",TRUE,"mgexnjex",51.1325115,4.3494272
"I_2640_1",2,4,2024-08-28,2024-08-31,"procambarus virginalis",TRUE,"zgjhngvm",51.1718562,4.4609497
"I_2840_4",0,4,2024-09-03,2024-09-06,"absent",TRUE,"ntvinwe1",51.0779516,4.4314065
"I_2870_1",0,4,2024-07-06,2024-07-09,"absent",TRUE,"zwuxmwy1",51.0950370024481,4.31745249594477
"I_2870_2",0,4,2024-07-20,2024-07-23,"absent",TRUE,"zwuxmwy1",51.0746396024564,4.33886299593737
"I_2870_8",0,4,2024-10-08,2024-10-11,"absent",TRUE,"njm2yzlk",51.0804692024467,4.2672168959556
"I_2870_9",0,4,2024-10-02,2024-10-05,"absent",TRUE,"njm2yzlk",51.0725540024493,4.2699230959541
"I_2880_1",1,4,2024-08-03,2024-08-06,"faxonius limosus",TRUE,"zge1otbm",51.0913189,4.2391514
"I_2880_12",0,7,2024-09-12,2024-09-15,"absent",TRUE,"mthjnmy5",51.0925450024483,4.31271549594568
"I_2880_13",0,4,2024-09-24,2024-09-27,"absent",TRUE,"njm2yzlk",51.0836332,4.2890212
"I_2880_2",1,4,2024-08-07,2024-08-10,"procambarus clarkii",TRUE,"zge1otbm",51.1092937,4.2478199
"I_2890_1",0,4,2024-10-22,2024-10-25,"absent",TRUE,"njm2yzlk",51.0541728024537,4.26214469595409
"I_2900_1",1,4,2024-10-01,2024-10-04,"faxonius limosus",TRUE,"nmvkndjl",51.2871379,4.5257715
"I_2900_3",8,4,2024-07-09,2024-07-12,"faxonius limosus",TRUE,"nmvkndjl",51.2927059,4.5470864
"I_2920_10",16,2,2024-10-19,2024-10-20,"procambarus virginalis",TRUE,"ywyxmtey",51.3687658023891,4.49336629592995
"I_2920_4",0,4,2024-08-13,2024-08-16,"absent",TRUE,"yjqxzmiz",51.4264226023746,4.51036579593173
"I_2930_10",1,4,2024-10-11,2024-10-14,"faxonius limosus",TRUE,"ztnjowu1",51.2870106,4.5002058
"I_2930_6",1,4,2024-07-30,2024-08-02,"faxonius limosus",TRUE,"nmvkndjl",51.3022217,4.5369521
"I_2940_1",0,4,2024-08-27,2024-08-30,"absent",TRUE,"nzi4mtm4",51.3412834,4.3502764
"I_2940_2",0,4,2024-07-09,2024-07-12,"absent",TRUE,"zjyxyjrl",51.3429651,4.3775854
"I_2950_2",0,4,2024-09-04,2024-09-07,"absent",TRUE,"nzi4mtm4",51.3463916,4.4291238
"I_2960_4",2,4,2024-08-27,2024-08-30,"faxonius limosus",TRUE,"mdq4mmy1",51.3360393024162,4.65357059588695
"I_2970_1",0,4,2024-07-03,2024-07-06,"absent",TRUE,"nmvkndjl",51.2630475,4.5877525
"I_2970_2",0,4,2024-08-13,2024-08-16,"absent",TRUE,"nmvkndjl",51.2483174,4.5985564
"I_2990_1",0,4,2024-08-06,2024-08-09,"absent",TRUE,"zgjjotcy",51.4211058023905,4.64116769589886
"I_3000_3",0,4,2024-09-27,2024-09-30,"absent",TRUE,"yjdkn2u5",50.860611,4.736806
"I_3001_4",0,4,2024-09-07,2024-09-10,"absent",TRUE,"nwi1ntu1",50.8715217,4.6903964
"I_3001_5",0,4,Inf,-Inf,"absent",TRUE,"y2nhotdk",50.8633361,4.6721017
"I_3001_7",0,4,2024-08-27,2024-08-30,"absent",TRUE,"y2nhotdk",50.8637529,4.7141723
"I_3010_10",0,4,2024-07-30,2024-08-02,"absent",TRUE,"nzq2nzbh",50.8935525,4.7281685
"I_3010_4",0,4,2024-07-30,2024-08-02,"absent",TRUE,"nzq2nzbh",50.8943306,4.7227575
"I_3010_5",19,4,2024-09-03,2024-09-06,"procambarus virginalis",TRUE,"nzq2nzbh",50.8921988,4.7205903
"I_3010_6",6,4,2024-09-03,2024-09-06,"faxonius limosus",TRUE,"nzq2nzbh",50.8926286,4.7253163
"I_3010_8",37,4,2024-09-03,2024-09-06,"procambarus virginalis",TRUE,"nzq2nzbh",50.8931725,4.7201455
"I_3010_9",1,4,2024-09-03,2024-09-06,"procambarus virginalis",TRUE,"nzq2nzbh",50.8927698,4.7214705
"I_3012_8",0,4,2024-08-07,2024-08-10,"absent",TRUE,"mzqxyjhi",50.9056413,4.7035974
"I_3061_1",0,4,2024-09-22,2024-09-25,"absent",TRUE,"zja3zjyx",50.8565096,4.6076213
"I_3070_1",0,4,2024-08-04,2024-08-07,"absent",TRUE,"zja3zjyx",50.8846604,4.5507054
"I_3080_2",0,4,2024-07-26,2024-07-29,"absent",TRUE,"zthmztvh",50.8310642,4.5445525
"I_3110_7",0,4,2024-10-01,2024-10-04,"absent",TRUE,"odi5ngi0",50.9597795,4.7292443
"I_3118_1",0,4,2024-10-01,2024-10-04,"absent",TRUE,"odi5ngi0",50.96651,4.6946368
"I_3190_1",0,4,2024-09-20,2024-09-23,"absent",TRUE,"ymuxmjez",50.9861762,4.5701582
"I_3190_4",0,4,2024-09-30,2024-10-03,"absent",TRUE,"ymuxmjez",50.9908156025078,4.58167329586854
"I_3220_2",0,4,2024-10-16,2024-10-19,"absent",TRUE,"zjbmngyy",50.9343435,4.8303267
"I_3271_1",0,4,2024-08-26,2024-08-29,"absent",TRUE,"otyymtfh",51.0071698,4.9664636
"I_3271_4",0,4,2024-08-30,2024-09-02,"absent",TRUE,"otyymtfh",51.0085692,4.9912887
"I_3272_2",0,4,2024-09-19,2024-09-22,"absent",TRUE,"otyymtfh",51.002933,4.9333761
"I_3290_5",0,4,2024-08-27,2024-08-30,"absent",TRUE,"nwnizjfi",51.03249,5.11059
"I_3400_4",0,5,2024-10-30,2024-11-03,"absent",TRUE,"yji2zte1",50.7749738026195,5.00260139574039
"I_3440_5",0,5,2024-10-21,2024-10-25,"absent",TRUE,"nwi2m2u2",50.8466138026109,5.11138849572072
"I_3440_6",0,4,2024-08-08,2024-08-11,"absent",TRUE,"nwi2m2u2",50.8409316026114,5.10147339572261
"I_3500_1",0,4,2024-07-30,2024-08-02,"absent",TRUE,"mdcxmmmy",50.9296105,5.3774713
"I_3511_2",0,4,2024-07-18,2024-07-21,"absent",TRUE,"zwexnwe1",50.9595413,5.2706883
"I_3511_4",0,8,2024-08-06,2024-08-29,"absent",FALSE,"zwexnwe1",50.9652475,5.2918906
"I_3520_4",1,4,2024-08-29,2024-09-01,"procambarus acutus",TRUE,"zjiyngyx",50.9869595,5.3508929
"I_3520_8",5,4,2024-08-06,2024-08-09,"faxonius limosus",TRUE,"zmvizjk1",50.9864473,5.3163818
"I_3550_2",0,4,2024-08-06,2024-08-09,"absent",TRUE,"zmvizjk1",50.9991189,5.2597765
"I_3560_8",0,4,2024-08-13,2024-08-16,"absent",TRUE,"zmvizjk1",50.9738454,5.1729945
"I_3580_1",0,4,2024-09-26,2024-09-29,"absent",TRUE,"m2i4yzvl",51.0419336,5.2287682
"I_3582_1",0,4,2024-10-03,2024-10-06,"absent",TRUE,"mzc5yzc3",51.0596175,5.2371641
"I_3582_3",0,4,2024-10-05,2024-10-08,"absent",TRUE,"m2i4yzvl",51.0690631,5.2555738
"I_3582_5",0,4,2024-10-29,2024-11-01,"absent",TRUE,"mzc5yzc3",51.0807552,5.32604
"I_3600_1",0,4,2024-07-04,2024-07-07,"absent",TRUE,"yzayn2iy",50.9582301,5.4719828
"I_3621_3",8,4,2024-10-26,2024-10-29,"procambarus acutus",TRUE,"odcxnmmx",50.9361600026492,5.66343999559025
"I_3640_11",0,4,2024-07-13,2024-07-16,"absent",TRUE,"ztnhyzk1",51.1717186,5.7795737
"I_3640_16",6,4,2024-08-29,2024-09-02,"faxonius limosus",FALSE,"mznknjaw",51.1527600025953,5.75200999559096
"I_3640_17",1,4,2024-08-24,2024-08-27,"faxonius limosus",TRUE,"mznknjaw",51.1584440025882,5.70584099560337
"I_3640_3",0,5,2024-09-11,2024-09-16,"absent",FALSE,"mznknjaw",51.1698770025923,5.76991459558821
"I_3640_4",0,4,2024-07-08,2024-07-11,"absent",TRUE,"ztnhyzk1",51.1645167025904,5.7399778955953
"I_3640_6",2,4,2024-07-17,2024-07-20,"faxonius limosus",TRUE,"ztnhyzk1",51.1508565025986,5.77547279558475
"I_3670_6",0,5,2024-08-11,2024-08-15,"absent",TRUE,"mznkyti0",51.1244491025758,5.51500789564836
"I_3680_10",0,4,2024-09-17,2024-09-20,"absent",TRUE,"n2jjztbi",51.0913630026089,5.71372299559415
"I_3740_4",0,5,2024-08-03,2024-08-07,"absent",TRUE,"zji2zgyw",50.8898258,5.5063873
"I_3740_6",0,5,2024-08-03,2024-08-07,"absent",TRUE,"zji2zgyw",50.8633251,5.5139927
"I_3746_1",0,5,2024-08-08,2024-08-12,"absent",TRUE,"zji2zgyw",50.8932569,5.5486044
"I_3900_1",0,4,2024-08-17,2024-08-20,"absent",TRUE,"mdflzwm0",51.186019,5.436245
"I_3900_2",0,4,2024-08-17,2024-08-20,"absent",TRUE,"mdflzwm0",51.173648,5.436339
"I_3910_13",5,4,2024-08-30,2024-09-02,"faxonius limosus",TRUE,"mdflzwm0",51.248411,5.41703
"I_3910_2",0,4,2024-09-02,2024-09-05,"absent",TRUE,"mdflzwm0",51.2358368,5.4214858
"I_3910_6",0,4,2024-08-30,2024-09-02,"absent",TRUE,"mdflzwm0",51.2679807,5.4284195
"I_3990_5",0,4,2024-08-19,2024-08-22,"absent",TRUE,"mwnhmtq1",51.1165486025638,5.39167379567882
"I_8020_1",0,4,2024-07-16,2024-07-19,"absent",TRUE,"mdjjotdj",51.1530017,3.2531877
"I_8020_10",0,4,2024-10-15,2024-10-18,"absent",TRUE,"odcxnmmx",51.1035502,3.2041622
"I_8020_3",0,4,2024-10-05,2024-10-08,"absent",TRUE,"ymzlmda2",51.1025832,3.2575029
"I_8020_6",0,4,2024-10-15,2024-10-18,"absent",TRUE,"odcxnmmx",51.13214,3.25372
"I_8020_8",0,4,2024-10-15,2024-10-18,"absent",TRUE,"odcxnmmx",51.1777616,3.2349959
"I_8020_9",0,4,2024-10-15,2024-10-18,"absent",TRUE,"odcxnmmx",51.0713302,3.1864224
"I_8200_2",0,5,2024-09-28,2024-10-02,"absent",TRUE,"ymu3ntm1",51.1744665,3.208793
"I_8200_4",12,4,2024-10-05,2024-10-08,"procambarus clarkii",TRUE,"ymu3ntm1",51.2167651,3.1911161
"I_8300_3",4,4,2024-10-16,2024-10-19,"procambarus clarkii",TRUE,"ntvlndrm",51.327339,3.3394706
"I_8300_7",9,4,2024-09-25,2024-09-27,"procambarus clarkii",TRUE,"nzlkmtvh",51.3319846,3.2988945
"I_8300_9",18,4,2024-09-17,2024-09-20,"procambarus clarkii",TRUE,"nzlkmtvh",51.335653,3.2774769
"I_8301_1",26,4,2024-08-27,2024-08-30,"procambarus clarkii",TRUE,"ntvlndrm",51.3276998,3.237953
"I_8301_3",18,4,2024-10-01,2024-10-04,"procambarus clarkii",TRUE,"ntvlndrm",51.328525,3.262212
"I_8370_1",1,4,2024-08-26,2024-08-29,"procambarus clarkii",TRUE,"m2m0odgy",51.2771978,3.1260221
"I_8370_4",72,4,2024-08-03,2024-08-06,"procambarus clarkii",TRUE,"odc4ztrj",51.2885633,3.1555969
"I_8370_5",13,4,2024-08-18,2024-08-21,"procambarus clarkii",TRUE,"m2m0odgy",51.3039487,3.1244784
"I_8377_1",25,4,2024-07-20,2024-07-23,"procambarus clarkii",TRUE,"odc4ztrj",51.258039,3.1818424
"I_8377_2",36,4,2024-07-15,2024-07-18,"procambarus clarkii",TRUE,"odc4ztrj",51.2609007,3.1796315
"I_8377_3",16,4,2024-09-14,2024-09-18,"procambarus clarkii",FALSE,"otqwzjhi",51.269943,3.153608
"I_8377_4",2,4,2024-09-14,2024-09-18,"procambarus clarkii",FALSE,"otqwzjhi",51.26219,3.134494
"I_8377_5",4,4,2024-09-19,2024-09-22,"procambarus clarkii",TRUE,"otqwzjhi",51.281888,3.089738
"I_8380_2",51,4,2024-09-10,2024-09-13,"procambarus clarkii",TRUE,"ntvlndrm",51.2917,3.246988
"I_8380_3",35,4,2024-09-15,2024-09-18,"procambarus clarkii",TRUE,"ntvlndrm",51.267951,3.195695
"I_8380_5",54,5,2024-09-10,2024-09-14,"procambarus clarkii",TRUE,"yjywyjhi",51.3007178,3.1969685
"I_8400_2",0,5,2024-09-25,2024-10-01,"absent",FALSE,"n2qzyzhm",51.2151213,2.9451622
"I_8400_6",0,4,2024-09-10,2024-09-13,"absent",TRUE,"odjlnmu5",51.1922989,2.9470413
"I_8420_2",12,4,2024-08-22,2024-08-25,"procambarus clarkii",TRUE,"m2m0odgy",51.2990122,3.105183
"I_8430_1",0,4,2024-08-20,2024-08-23,"absent",TRUE,"odzkzdmz",51.1669848,2.8007589
"I_8430_3",1,4,2024-08-20,2024-08-23,"procambarus clarkii",TRUE,"odzkzdmz",51.1864522,2.8355339
"I_8431_1",0,4,2024-10-15,2024-10-18,"absent",TRUE,"odcxnmmx",51.1749033,2.8552918
"I_8432_1",0,4,2024-10-15,2024-10-18,"absent",TRUE,"odcxnmmx",51.16521,2.83294
"I_8432_2",0,4,2024-10-15,2024-10-18,"absent",TRUE,"odcxnmmx",51.1596686,2.9141654
"I_8433_5",0,5,2024-08-25,2024-08-29,"absent",TRUE,"odzkzdmz",51.152667,2.802804
"I_8433_6",0,5,2024-08-25,2024-08-29,"absent",TRUE,"odzkzdmz",51.147644,2.807004
"I_8460_1",2,5,2024-09-14,2024-09-17,"faxonius limosus",TRUE,"odjlnmu5",51.1704978428547,2.96531269098783
"I_8460_1",2,5,2024-09-14,2024-09-17,"procambarus clarkii",TRUE,"odjlnmu5",51.1704978428547,2.96531269098783
"I_8460_10",4,5,2024-10-15,2024-10-18,"faxonius limosus",TRUE,"odcxnmmx",51.15303,3.00184
"I_8460_10",4,5,2024-10-15,2024-10-18,"procambarus clarkii",TRUE,"odcxnmmx",51.15303,3.00184
"I_8460_11",0,4,2024-10-15,2024-10-18,"absent",TRUE,"odcxnmmx",51.1821246,2.9633365
"I_8460_3",0,4,2024-09-24,2024-09-27,"absent",TRUE,"njvknjc4",51.1779863,3.0417659
"I_8470_1",6,7,2024-09-08,2024-09-12,"faxonius limosus",TRUE,"otm1mzuw",51.1700324,2.9620238
"I_8470_1",6,7,2024-09-08,2024-09-12,"procambarus clarkii",TRUE,"otm1mzuw",51.1700324,2.9620238
"I_8480_4",0,4,2024-10-15,2024-10-18,"absent",TRUE,"odcxnmmx",51.1201668,3.0224166
"I_8490_4",6,4,2024-10-15,2024-10-18,"procambarus acutus",TRUE,"odcxnmmx",51.1923079,3.0897709
"I_8530_12",3,4,2024-09-10,2024-09-13,"faxonius limosus",TRUE,"mwu5ntqy",50.8400718,3.3144738
"I_8531_3",0,5,2024-09-16,2024-09-20,"absent",TRUE,"ymmznwu5",50.8782849,3.3224979
"I_8540_4",0,4,2024-09-17,2024-09-20,"absent",TRUE,"mwu5ntqy",50.8457795,3.326138
"I_8550_1",0,4,2024-07-01,2024-07-04,"absent",TRUE,"zguxztnj",50.7950431024274,3.340027996151
"I_8560_4",0,4,2024-07-08,2024-07-11,"absent",TRUE,"zguxztnj",50.8066401,3.2026969
"I_8560_6",0,4,2024-09-18,2024-09-21,"absent",TRUE,"mwu5ntqy",50.8388989,3.1838946
"I_8610_1",0,4,2024-06-30,2024-07-03,"absent",TRUE,"mdywmjc1",51.0260091,3.0239868
"I_8610_6",21,2,2024-08-21,2024-08-22,"faxonius virilis",TRUE,"mdywmjc1",51.0265682,3.0521241
"I_8620_5",0,4,2024-09-18,2024-09-21,"absent",TRUE,"mwu5ntqy",51.1233600022733,2.75641679632337
"I_8710_1",0,4,2024-08-13,2024-08-16,"absent",TRUE,"njmzowyw",50.9084883,3.3901706
"I_8710_3",0,5,2024-09-09,2024-09-13,"absent",TRUE,"ymmznwu5",50.8820174,3.3340173
"I_8720_2",0,4,2024-08-20,2024-08-23,"absent",TRUE,"njmzowyw",50.9205784,3.4150208
"I_8730_5",0,4,2024-07-24,2024-07-27,"absent",TRUE,"mdixota5",51.1090414023329,3.29024289619531
"I_8750_2",0,4,2024-07-23,2024-07-26,"absent",TRUE,"mjywyjqx",51.0213582,3.2125623
"I_8750_3",0,4,2024-10-15,2024-10-18,"absent",TRUE,"odcxnmmx",51.04451,3.20547
"I_8793_1",0,4,2024-08-13,2024-08-16,"absent",TRUE,"njmzowyw",50.905814,3.4124769
"I_8800_3",0,4,2024-07-11,2024-07-14,"absent",TRUE,"nzi3zgyy",50.9268186,3.1374045
"I_8820_3",0,4,2024-08-31,2024-09-03,"absent",TRUE,"mjywyjqx",51.0565537,3.095591
"I_8850_4",0,4,2024-08-01,2024-08-04,"absent",TRUE,"zgqwyjrm",50.9601016,3.2312679
"I_8870_2",0,5,2024-08-07,2024-08-11,"absent",TRUE,"zgqwyjrm",50.9208318,3.2322052
"I_8870_3",0,5,2024-07-03,2024-07-07,"absent",TRUE,"nzi3zgyy",50.9368577,3.1745023
"I_8870_6",0,4,2024-07-27,2024-07-30,"absent",TRUE,"zgqwyjrm",50.9194813,3.2229803
"I_8930_4",0,4,2024-09-17,2024-09-20,"absent",TRUE,"zwjmmzmx",50.7971767,3.1236889
"I_8930_7",0,4,2024-09-28,2024-10-01,"absent",TRUE,"zwjmmzmx",50.7945484,3.1120459
"I_9000_1",0,4,2024-08-28,2024-08-31,"absent",TRUE,"mjvjmjq4",51.0576926,3.6869626
"I_9000_2",0,4,2024-09-05,2024-09-08,"absent",TRUE,"mzu1ode0",51.0691866,3.6949296
"I_9000_4",0,4,2024-09-10,2024-09-13,"absent",TRUE,"ownlnda3",51.0517868,3.6788923
"I_9000_5",0,4,2024-10-08,2024-10-11,"absent",TRUE,"mjcymgi5",51.0355132,3.7201661
"I_9000_6",0,4,2024-08-12,2024-08-15,"absent",TRUE,"nzkzyzvh",51.0339201,3.6972447
"I_9000_8",0,4,2024-09-10,2024-09-13,"absent",TRUE,"ownlnda3",51.0389914,3.7233503
"I_9000_9",5,6,2024-09-13,2024-09-18,"faxonius limosus",TRUE,"ngm2y2mw",51.0787438,3.719324
"I_9031_2",0,4,2024-07-05,2024-07-08,"absent",TRUE,"mzu1ode0",51.0822354,3.6543178
"I_9031_3",6,4,2024-08-06,2024-08-09,"faxonius limosus",TRUE,"otnkzgi3",51.021739,3.6405768
"I_9032_1",0,4,2024-09-14,2024-09-18,"absent",FALSE,"ngm2y2mw",51.0929578,3.702029
"I_9042_2",16,3,2024-08-31,2024-09-02,"procambarus clarkii",TRUE,"nwe4m2ex",51.1483519,3.8290506
"I_9050_1",0,4,2024-08-24,2024-08-27,"absent",TRUE,"ntq0otk2",51.0351294,3.7511217
"I_9050_2",2,4,2024-08-29,2024-09-01,"faxonius limosus",TRUE,"ntq0otk2",51.0375743,3.7602421
"I_9052_1",0,4,2024-08-17,2024-08-20,"absent",TRUE,"nwixndkz",50.9874059,3.7175079
"I_9052_2",0,5,2024-09-17,2024-09-21,"absent",TRUE,"yzq0m2yw",50.985202,3.716197
"I_9070_1",0,4,2024-08-26,2024-08-29,"absent",TRUE,"ytljnzlj",51.0757468,3.8138212
"I_9070_2",1,1,2024-09-07,2024-09-07,"faxonius limosus",TRUE,"ytljnzlj",51.0549668,3.808909
"I_9080_2",0,4,2024-09-02,2024-09-05,"absent",TRUE,"ytljnzlj",51.0903407,3.8791977
"I_9080_4",1,4,2024-09-12,2024-09-15,"procambarus clarkii",TRUE,"nweyoti0",51.1429647,3.8800557
"I_9080_5",0,4,2024-08-25,2024-08-28,"absent",TRUE,"nwe4m2ex",51.10588,3.82476
"I_9111_1",54,4,2024-09-10,2024-09-13,"procambarus clarkii",TRUE,"ogzjnjqz",51.1895246,4.0385329
"I_9112_2",10,4,2024-09-03,2024-09-06,"procambarus clarkii",TRUE,"nzjkzdez",51.1799993,4.0557512
"I_9112_4",5,4,2024-08-27,2024-08-30,"procambarus clarkii",TRUE,"nzjkzdez",51.1742492,4.0028625
"I_9112_8",3,4,2024-09-17,2024-09-20,"procambarus clarkii",TRUE,"ogzjnjqz",51.18373,4.0281555
"I_9120_3",0,4,2024-09-03,2024-09-06,"absent",TRUE,"y2uzntq0",51.2389791,4.2039857
"I_9130_1",0,4,2024-09-17,2024-09-20,"absent",TRUE,"y2uzntq0",51.252614,4.201021
"I_9130_16",4,4,2024-10-04,2024-10-07,"procambarus acutus",TRUE,"ywqxzdy4",51.2581946,4.1944395
"I_9140_4",0,4,2024-07-09,2024-07-12,"absent",TRUE,"njbjymrl",51.1178571,4.171653
"I_9160_12",8,3,2024-09-08,2024-09-09,"faxonius limosus",TRUE,"mjqzogvi",51.108478,3.99197
"I_9160_12",8,3,2024-09-08,2024-09-09,"procambarus clarkii",TRUE,"mjqzogvi",51.108478,3.99197
"I_9160_3",61,5,2024-09-26,2024-10-01,"procambarus clarkii",FALSE,"njgyytiw",51.1372354,3.9701579
"I_9160_8",30,6,2024-09-10,2024-09-13,"procambarus clarkii",TRUE,"ogvkytdi",51.1294864,3.978681
"I_9160_8",30,6,2024-09-10,2024-09-13,"faxonius limosus",TRUE,"ogvkytdi",51.1294864,3.978681
"I_9160_9",4,5,2024-09-21,2024-09-25,"procambarus clarkii",TRUE,"njgyytiw",51.1296614,3.9762858
"I_9170_13",0,4,2024-09-24,2024-09-27,"absent",TRUE,"ywqxzdy4",51.244686,4.1271735
"I_9170_14",0,4,2024-09-28,2024-10-01,"absent",TRUE,"ywqxzdy4",51.2793651,4.15747
"I_9170_6",0,4,2024-09-12,2024-09-15,"absent",TRUE,"zjhjnznm",51.2550019,4.1230489
"I_9170_8",0,4,2024-09-17,2024-09-20,"absent",TRUE,"zjhjnznm",51.2496585,4.1061847
"I_9170_9",0,4,2024-09-07,2024-09-10,"absent",TRUE,"zjhjnznm",51.2367593,4.1195405
"I_9180_11",4,4,2024-09-16,2024-09-19,"procambarus clarkii",TRUE,"ndlmngu0",51.162451,3.948537
"I_9180_13",9,5,2024-09-21,2024-09-25,"procambarus clarkii",TRUE,"njgyytiw",51.144841,3.9301138
"I_9180_5",12,4,2024-09-05,2024-09-08,"procambarus clarkii",TRUE,"nweyoti0",51.1478349,3.9110453
"I_9180_8",6,3,2024-08-30,2024-09-01,"procambarus clarkii",TRUE,"nzjknjqy",51.173329,3.958132
"I_9185_1",0,5,2024-10-08,2024-10-13,"absent",FALSE,"y2fhytux",51.195462,3.858899
"I_9185_5",0,7,2024-10-13,2024-10-20,"absent",FALSE,"y2fhytux",51.2116666,3.8622935
"I_9185_8",0,4,2024-09-24,2024-09-27,"absent",TRUE,"nweyoti0",51.1495342,3.8824034
"I_9190_10",2,5,2024-10-22,2024-10-25,"procambarus clarkii",TRUE,"odcxnmmx",51.2042535,4.0287827
"I_9190_10",2,5,2024-10-22,2024-10-25,"procambarus acutus",TRUE,"odcxnmmx",51.2042535,4.0287827
"I_9190_6",21,4,2024-10-22,2024-10-25,"procambarus clarkii",TRUE,"odcxnmmx",51.1965,4.0372
"I_9190_7",2,4,2024-10-22,2024-10-25,"procambarus acutus",TRUE,"odcxnmmx",51.222892,4.0409765
"I_9190_8",1,4,2024-10-22,2024-10-25,"procambarus acutus",TRUE,"odcxnmmx",51.2184782,4.034516
"I_9190_9",5,5,2024-10-22,2024-10-25,"procambarus clarkii",TRUE,"odcxnmmx",51.1978,4.03672
"I_9190_9",5,5,2024-10-22,2024-10-25,"procambarus acutus",TRUE,"odcxnmmx",51.1978,4.03672
"I_9200_13",0,4,2024-09-10,2024-09-13,"absent",TRUE,"ngi0ytux",51.0517948,4.1226199
"I_9200_21",0,4,2024-09-20,2024-09-23,"absent",TRUE,"ngvimgq2",51.043378,4.119151
"I_9200_7",0,4,2024-09-29,2024-10-02,"absent",TRUE,"zdexmmex",51.0281661,4.1077832
"I_9200_8",0,4,2024-09-29,2024-10-02,"absent",TRUE,"zdexmmex",51.0255951,4.1035452
"I_9220_3",3,3,2024-09-03,2024-09-06,"procambarus clarkii",FALSE,"owe0mzg2",51.0670983,4.1824636
"I_9220_9",19,4,2024-08-27,2024-08-30,"procambarus clarkii",TRUE,"owe0mzg2",51.0588728,4.1719219
"I_9240_6",0,4,2024-09-10,2024-09-13,"absent",TRUE,"ngvimgq2",51.039,4.041855
"I_9255_2",0,4,2024-09-19,2024-09-22,"absent",TRUE,"ngnlmjhi",50.989417,4.164278
"I_9280_1",0,4,2024-09-12,2024-09-15,"absent",TRUE,"ngnlmjhi",50.991649,4.1497334
"I_9290_5",0,4,2024-09-15,2024-09-18,"absent",TRUE,"ngvimgq2",51.024045,4.033699
"I_9402_1",0,4,2024-10-15,2024-10-18,"absent",TRUE,"otgzymmz",50.8188441,4.0545905
"I_9450_5",0,8,2024-09-16,2024-09-23,"absent",TRUE,"mjkyzjq3",50.893008,3.957963
"I_9450_6",0,7,2024-09-23,2024-09-29,"absent",TRUE,"mjkyzjq3",50.894599,4.022742
"I_9450_7",0,5,2024-09-26,2024-09-30,"absent",TRUE,"mjkyzjq3",50.886731,4.029902
"I_9450_8",0,5,2024-09-26,2024-09-30,"absent",TRUE,"mjkyzjq3",50.858793,4.022645
"I_9472_1",0,5,2024-09-26,2024-09-30,"absent",TRUE,"mjkyzjq3",50.8703149,4.0428962
"I_9506_2",0,4,2024-09-29,2024-10-02,"absent",TRUE,"yjqzngy4",50.7897655,3.8817519
"I_9506_3",0,4,2024-10-22,2024-10-25,"absent",TRUE,"otgzymmz",50.808006,3.9529944
"I_9506_4",0,4,2024-08-14,2024-08-17,"absent",TRUE,"yjqzngy4",50.8146069,3.9218745
"I_9571_1",0,4,2024-08-20,2024-08-23,"absent",TRUE,"yjqzngy4",50.8165835,3.8932376
"I_9600_3",0,5,2024-08-20,2024-08-24,"absent",TRUE,"mdyxywvm",50.7577098024718,3.64953909607249
"I_9620_2",0,4,2024-09-21,2024-09-24,"absent",TRUE,"zwuzztfl",50.8638979,3.7651385
"I_9660_1",0,4,2024-07-27,2024-07-30,"absent",TRUE,"nwyxntuy",50.8116182,3.7803241
"I_9660_2",0,4,2024-08-17,2024-08-20,"absent",TRUE,"nwyxntuy",50.791781,3.7598643
"I_9660_4",6,4,2024-07-23,2024-07-26,"faxonius limosus",TRUE,"nwyxntuy",50.8033955,3.7572155
"I_9800_11",0,4,2024-10-01,2024-10-04,"absent",TRUE,"yzc4njmw",50.992269,3.570453
"I_9800_14",2,4,2024-09-08,2024-09-11,"faxonius limosus",TRUE,"ztjjntcx",50.9575438,3.4783938
"I_9820_3",0,5,2024-09-17,2024-09-21,"absent",TRUE,"yzq0m2yw",50.9938635,3.7348564
"I_9820_5",0,4,2024-08-22,2024-08-25,"absent",TRUE,"ytvimtiz",50.9566251,3.6860056
"I_9820_8",0,4,2024-08-17,2024-08-20,"absent",TRUE,"mdu1yja5",50.977823,3.7128887
"I_9840_4",0,4,2024-08-12,2024-08-15,"absent",TRUE,"nwixndkz",50.9789334,3.7041863
"I_9840_6",0,5,2024-09-11,2024-09-15,"absent",TRUE,"yzq0m2yw",50.980918,3.707763
"I_9850_4",0,5,2024-08-06,2024-08-10,"absent",TRUE,"ytbmntfk",51.0578843,3.5717004
"I_9850_6",0,4,2024-07-23,2024-07-26,"absent",TRUE,"mmy4ywm3",51.0333774,3.5453287
"I_9870_2",0,5,2024-08-19,2024-08-23,"absent",TRUE,"njmzowyw",50.9332243,3.4314092
"I_9870_3",0,4,2024-10-03,2024-10-06,"absent",TRUE,"ztjjntcx",50.959398,3.4664016
"I_9890_5",0,4,2024-08-15,2024-08-18,"absent",TRUE,"ytvimtiz",50.9555853,3.6628358
"I_9920_3",0,5,2024-08-20,2024-08-24,"absent",TRUE,"ytbmntfk",51.0832226,3.6207069
"I_9920_5",0,5,2024-07-09,2024-07-13,"absent",TRUE,"ytbmntfk",51.088417,3.620158
"I_9921_1",0,4,2024-07-30,2024-08-02,"absent",TRUE,"mzu1ode0",51.087422,3.656217
"I_9931_1",0,4,2024-08-12,2024-08-15,"absent",TRUE,"zta3nzm0",51.1638532,3.5656502
"I_9940_13",0,4,2024-07-30,2024-08-02,"absent",TRUE,"mze2mza3",51.1501201,3.7349684
"I_9940_15",0,4,2024-07-16,2024-07-19,"absent",TRUE,"mze2mza3",51.1420387,3.7497799
"I_9940_18",7,6,2024-09-13,2024-09-17,"procambarus clarkii",TRUE,"ngm2y2mw",51.1034925,3.6992643
"I_9940_18",7,6,2024-09-13,2024-09-17,"faxonius limosus",TRUE,"ngm2y2mw",51.1034925,3.6992643
"I_9950_4",0,4,2024-09-09,2024-09-13,"absent",FALSE,"zta3nzm0",51.1651471,3.5788206
"I_9950_5",0,4,2024-08-08,2024-08-11,"absent",TRUE,"zta3nzm0",51.1662117,3.5753712
"I_9960_7",0,4,2024-09-16,2024-09-19,"absent",TRUE,"nwmzmtg3",51.2464656,3.749102
"I_9960_9",7,4,2024-07-18,2024-07-21,"procambarus clarkii",TRUE,"otm1owi1",51.2365444,3.7562741
"I_9961_5",58,4,2024-07-18,2024-07-21,"procambarus clarkii",TRUE,"otm1owi1",51.2684694,3.7179872
"I_9961_6",20,4,2024-10-25,2024-10-28,"procambarus clarkii",TRUE,"nwmzmtg3",51.2657738,3.6871856
"I_9982_11",4,4,2024-08-20,2024-08-23,"procambarus clarkii",TRUE,"nju4nzzh",51.2691229,3.5608716
"I_9982_5",9,4,2024-08-13,2024-08-16,"procambarus clarkii",TRUE,"nju4nzzh",51.2611327,3.5820292
"I_9982_6",1,4,2024-08-06,2024-08-09,"procambarus clarkii",TRUE,"nju4nzzh",51.2657601,3.577096
"I_9982_8",0,4,2024-08-27,2024-08-30,"absent",TRUE,"nju4nzzh",51.2596778,3.5634546
"V_1570_2",0,4,2024-09-11,2024-09-14,"absent",TRUE,"yjbhmzzi",50.749083,3.995619
"V_1742_1",3,5,2024-10-04,2024-10-07,"faxonius limosus",TRUE,"yjmznwm3",50.8845471,4.1125285
"V_2100_10",3,5,2024-10-21,2024-10-25,"faxonius limosus",TRUE,"njiyn2yx",51.212119,4.470448
"V_2100_11",0,5,2024-10-26,2024-10-30,"absent",TRUE,"njiyn2yx",51.215415,4.4634837
"V_2100_6",15,10,2024-09-26,2024-10-15,"faxonius limosus",FALSE,"njiyn2yx",51.214583,4.473083
"V_2100_7",0,4,2024-10-01,2024-10-04,"absent",TRUE,"njiyn2yx",51.216667,4.468611
"V_2100_8",0,5,2024-10-06,2024-10-10,"absent",TRUE,"njiyn2yx",51.216,4.465694
"V_2100_9",0,5,2024-10-16,2024-10-20,"absent",TRUE,"njiyn2yx",51.214572,4.471803
"V_2222_4",0,4,2024-07-23,2024-07-26,"absent",TRUE,"mmm4mzq3",51.1215562024832,4.70024589585289
"V_2235_3",0,4,2024-09-13,2024-09-16,"absent",TRUE,"yjbjnzi1",51.0618265025103,4.78664729582507
"V_2300_6",11,4,2024-07-23,2024-07-26,"faxonius limosus",TRUE,"mzk5yjmz",51.3274215,4.9160958
"V_2300_7",5,4,2024-08-22,2024-08-25,"faxonius limosus",TRUE,"mzk5yjmz",51.3590129,4.9624728
"V_2330_4",0,4,2024-09-18,2024-09-21,"absent",TRUE,"njixzjg3",51.3792635,4.8833541
"V_2381_7",0,4,2024-09-22,2024-09-25,"absent",TRUE,"njixzjg3",51.392528,4.969778
"V_2440_11",0,4,2024-07-09,2024-07-12,"absent",TRUE,"ztu0mthk",51.1724522,5.0423275
"V_2450_2",22,4,2024-08-10,2024-08-13,"procambarus clarkii",TRUE,"ztyxmjnj",51.1141588,5.0649552
"V_2470_2",1,5,2024-09-11,2024-09-15,"faxonius limosus",TRUE,"mwi0nmni",51.22879,5.038109
"V_2470_3",0,5,2024-09-11,2024-09-15,"absent",TRUE,"mwi0nmni",51.224666,5.045138
"V_2470_4",1,4,2024-09-17,2024-09-20,"faxonius limosus",TRUE,"zgu4nzuz",51.2565851,5.1060183
"V_2490_10",0,4,2024-08-08,2024-08-11,"absent",TRUE,"nzzmzdm3",51.1731,5.2541
"V_2490_11",0,4,2024-08-14,2024-08-17,"absent",TRUE,"nzzmzdm3",51.152,5.182
"V_2490_12",0,4,2024-08-14,2024-08-17,"absent",TRUE,"nzzmzdm3",51.154,5.178
"V_2490_13",0,4,2024-08-18,2024-08-21,"absent",TRUE,"nzzmzdm3",51.15089,5.188153
"V_2490_14",0,4,2024-08-18,2024-08-21,"absent",TRUE,"nzzmzdm3",51.150688,5.187034
"V_2490_15",0,4,2024-08-24,2024-08-27,"absent",TRUE,"nzzmzdm3",51.151999,5.146447
"V_2490_3",0,4,2024-10-03,2024-10-06,"absent",TRUE,"mwnhmtq1",51.1533249,5.2511977
"V_2490_5",0,4,2024-07-08,2024-07-11,"absent",TRUE,"nzzmzdm3",51.1516418,5.137815
"V_2490_6",0,4,2024-07-08,2024-07-11,"absent",TRUE,"nzzmzdm3",51.1482402,5.1346492
"V_2490_7",0,4,2024-08-03,2024-08-06,"absent",TRUE,"nzzmzdm3",51.172775,5.243459
"V_2490_8",0,4,2024-08-03,2024-08-06,"absent",TRUE,"nzzmzdm3",51.17374,5.244323
"V_2490_9",0,4,2024-08-08,2024-08-11,"absent",TRUE,"nzzmzdm3",51.1735,5.2527
"V_2491_1",0,4,2024-07-12,2024-07-15,"absent",TRUE,"nzzmzdm3",51.1470732,5.1343553
"V_2491_2",0,4,2024-07-12,2024-07-15,"absent",TRUE,"nzzmzdm3",51.1460064,5.1341025
"V_2491_3",3,4,2024-07-23,2024-07-26,"faxonius limosus",TRUE,"nzzmzdm3",51.1461648,5.1410524
"V_2491_4",0,4,2024-07-23,2024-07-26,"absent",TRUE,"nzzmzdm3",51.1458209,5.1421366
"V_2491_5",1,4,2024-07-27,2024-07-30,"faxonius limosus",TRUE,"nzzmzdm3",51.1448134,5.1286907
"V_2491_6",0,4,2024-07-27,2024-07-30,"absent",TRUE,"nzzmzdm3",51.1436651,5.1272898
"V_2491_8",0,4,2024-08-29,2024-09-01,"absent",TRUE,"nzzmzdm3",51.150153,5.149361
"V_2500_11",0,4,2024-09-17,2024-09-20,"absent",TRUE,"odhmndaz",51.1091667,4.5272222
"V_2547_2",0,5,2024-10-04,2024-10-08,"absent",TRUE,"ogzjzmq2",51.1315278,4.5038056
"V_2610_4",0,4,2024-08-14,2024-08-17,"absent",TRUE,"ymjlzwe4",51.181113,4.3731417
"V_2650_4",0,4,2024-09-10,2024-09-13,"absent",TRUE,"yzc5zdbk",51.156389,4.405889
"V_2650_5",0,4,2024-09-10,2024-09-13,"absent",TRUE,"yzc5zdbk",51.1566837,4.4045428
"V_2800_10",0,4,2024-10-09,2024-10-12,"absent",TRUE,"odi5ngi0",51.0196563024905,4.50186919589135
"V_2800_9",0,5,2024-10-14,2024-10-18,"absent",TRUE,"mdm4oge4",51.0227107024843,4.45503469590326
"V_2830_7",0,4,2024-09-18,2024-09-21,"absent",TRUE,"mdm4oge4",51.07576420246,4.37448729592871
"V_2850_1",1,4,2024-09-18,2024-09-21,"faxonius limosus",TRUE,"mdm4oge4",51.091341,4.3834673
"V_2850_2",4,6,2024-09-23,2024-09-28,"faxonius limosus",TRUE,"mdm4oge4",51.0878472,4.3800916
"V_2850_3",0,4,2024-09-25,2024-09-28,"absent",TRUE,"mdm4oge4",51.087015,4.3842758
"V_2870_7",0,4,2024-07-24,2024-07-27,"absent",TRUE,"zwuxmwy1",51.0753132024561,4.33810379593762
"V_2930_7",0,4,2024-09-15,2024-09-18,"absent",TRUE,"odi3zti0",51.3109534,4.525374
"V_2930_8",0,4,2024-09-15,2024-09-18,"absent",TRUE,"odi3zti0",51.3142677,4.5322723
"V_2950_3",0,4,2024-10-02,2024-10-05,"absent",TRUE,"nzi4mtm4",51.3341307,4.4706952
"V_3000_4",0,4,2024-09-27,2024-09-30,"absent",TRUE,"yjdkn2u5",50.861222,4.738139
"V_3010_11",3,4,2024-07-30,2024-08-02,"procambarus virginalis",TRUE,"nzq2nzbh",50.8925625,4.7234119
"V_3010_12",3,4,2024-09-03,2024-09-06,"procambarus virginalis",TRUE,"nzq2nzbh",50.8935322,4.7215236
"V_3010_13",12,4,2024-07-30,2024-08-01,"procambarus virginalis",TRUE,"nzq2nzbh",50.8938153,4.7201073
"V_3010_14",0,4,2024-07-30,2024-08-02,"absent",TRUE,"nzq2nzbh",50.8964641,4.7177397
"V_3078_1",0,4,2024-08-12,2024-08-15,"absent",TRUE,"zja3zjyx",50.8845868,4.5636599
"V_3111_2",0,4,2024-10-25,2024-10-28,"absent",TRUE,"zjbmngyy",50.9370799,4.7730101
"V_3111_3",0,4,2024-09-29,2024-10-02,"absent",TRUE,"owuwmwnj",50.952033,4.733064
"V_3290_13",0,4,2024-08-27,2024-08-30,"absent",TRUE,"nwnizjfi",51.031589,5.112287
"V_3360_2",0,4,2024-07-18,2024-07-21,"absent",TRUE,"mdrmnwjm",50.8488965,4.7973268
"V_3550_10",6,4,2024-09-26,2024-09-29,"faxonius limosus",TRUE,"owm2ywvi",50.9973821,5.2711361
"V_3550_11",14,4,2024-09-26,2024-09-29,"faxonius limosus",TRUE,"owm2ywvi",50.9976814,5.271577
"V_3600_15",2,6,2024-10-16,2024-10-21,"procambarus virginalis",TRUE,"nwvjndbl",50.9772656,5.4943478
"V_3600_17",1,5,2024-10-23,2024-10-27,"faxonius limosus",TRUE,"nwvjndbl",50.958981,5.467505
"V_3640_15",2,4,2024-08-03,2024-08-06,"faxonius limosus",TRUE,"ztnhyzk1",51.162806002591,5.74108299559483
"V_3640_18",0,5,2024-09-06,2024-09-10,"absent",TRUE,"mznknjaw",51.181501002586,5.74536999559574
"V_3640_19",1,1,2024-09-23,2024-09-23,"faxonius limosus",TRUE,"mznknjaw",51.1553340025945,5.7521399955912
"V_3640_20",0,4,2024-09-17,2024-09-21,"absent",FALSE,"mznknjaw",51.167457002592,5.76066699559032
"V_3650_14",0,4,2024-10-22,2024-10-25,"absent",TRUE,"ngrkywmz",51.0681912026184,5.73554039558607
"V_3650_15",0,4,2024-10-22,2024-10-25,"absent",TRUE,"ngrkywmz",51.0765970026159,5.73540749558701
"V_3660_4",0,4,2024-08-13,2024-08-16,"absent",TRUE,"nzzlmmvm",51.023500002614,5.5861999956194
"V_3680_9",0,4,2024-09-17,2024-09-20,"absent",TRUE,"n2jjztbi",51.1079436026073,5.74169869558878
"V_3900_5",0,4,2024-08-28,2024-08-31,"absent",TRUE,"mdflzwm0",51.203514,5.37853
"V_3900_6",0,4,2024-08-28,2024-08-31,"absent",TRUE,"mdflzwm0",51.208177,5.395103
"V_3910_11",0,4,2024-07-20,2024-07-23,"absent",TRUE,"nthlmzez",51.2251145,5.492385
"V_3910_14",0,4,2024-08-30,2024-09-02,"absent",TRUE,"mdflzwm0",51.249836,5.416268
"V_3910_15",0,4,2024-09-10,2024-09-13,"absent",TRUE,"mdflzwm0",51.235493,5.409433
"V_3920_10",1,4,2024-10-07,2024-10-10,"faxonius limosus",TRUE,"mdflzwm0",51.2626088,5.4024901
"V_3920_5",1,4,2024-09-10,2024-09-13,"faxonius limosus",TRUE,"ymjinme3",51.2654471,5.3623945
"V_3920_6",0,4,2024-10-07,2024-10-10,"absent",TRUE,"mdflzwm0",51.2551739,5.4090747
"V_3920_7",1,4,2024-09-04,2024-09-07,"faxonius limosus",TRUE,"nzzmzdm3",51.1831977,5.2650075
"V_3920_8",2,4,2024-09-04,2024-09-07,"faxonius limosus",TRUE,"nzzmzdm3",51.182752,5.2653307
"V_3920_9",0,4,2024-10-01,2024-10-04,"absent",TRUE,"mdflzwm0",51.2568454,5.3933986
"V_3970_1",0,4,2024-10-10,2024-10-13,"absent",TRUE,"mwnhmtq1",51.1322606,5.2439153
"V_8000_6",10,3,2024-08-07,2024-08-09,"procambarus clarkii",TRUE,"zmrhymrm",51.2571020022875,3.25270799621937
"V_8000_7",6,4,2024-09-24,2024-09-27,"procambarus clarkii",TRUE,"zwzhotbm",51.2170345,3.1436378
"V_8300_14",2,1,2024-10-08,2024-10-08,"procambarus clarkii",TRUE,"ndfhyzg1",51.3284,3.2935
"V_8300_15",5,1,2024-09-29,2024-09-29,"procambarus clarkii",TRUE,"ndfhyzg1",51.3157,3.2953
"V_8300_16",5,1,2024-09-26,2024-09-26,"procambarus clarkii",TRUE,"ndfhyzg1",51.3083,3.3523
"V_8300_17",2,1,2024-10-10,2024-10-10,"procambarus clarkii",TRUE,"ndfhyzg1",51.3192,3.3277
"V_8301_4",2,1,2024-10-24,2024-10-24,"procambarus clarkii",TRUE,"ndfhyzg1",51.3026,3.2563
"V_8301_5",6,1,2024-10-24,2024-10-24,"procambarus clarkii",TRUE,"ndfhyzg1",51.3025,3.2565
"V_8340_14",5,1,2024-10-08,2024-10-08,"procambarus clarkii",TRUE,"ndfhyzg1",51.2860000022891,3.34519999620023
"V_8340_15",9,1,2024-09-29,2024-09-29,"procambarus clarkii",TRUE,"ndfhyzg1",51.2923000022866,3.33899999620235
"V_8340_16",6,1,2024-09-29,2024-09-29,"procambarus clarkii",TRUE,"ndfhyzg1",51.2964000022819,3.30449999621101
"V_8340_17",3,1,2024-09-26,2024-09-26,"procambarus clarkii",TRUE,"ndfhyzg1",51.2994000022839,3.33129999620491
"V_8340_18",7,1,2024-09-26,2024-09-26,"procambarus clarkii",TRUE,"ndfhyzg1",51.2833000022911,3.35769999619697
"V_8340_19",1,1,2024-09-26,2024-09-26,"procambarus clarkii",TRUE,"ndfhyzg1",51.2834000022911,3.357599996197
"V_8340_20",5,1,2024-09-21,2024-09-21,"procambarus clarkii",TRUE,"ndfhyzg1",51.2991000022855,3.34569999620144
"V_8340_21",11,1,2024-10-23,2024-10-23,"procambarus clarkii",TRUE,"ndfhyzg1",51.2727000022885,3.30419999620867
"V_8340_22",1,1,2024-10-23,2024-10-23,"procambarus clarkii",TRUE,"ndfhyzg1",51.2727000022885,3.30469999620855
"V_8340_23",2,1,2024-10-11,2024-10-11,"procambarus clarkii",TRUE,"ndfhyzg1",51.3007000022802,3.29979999621256
"V_8340_24",8,1,2024-10-10,2024-10-10,"procambarus clarkii",TRUE,"ndfhyzg1",51.3029000022851,3.35219999620027
"V_8340_25",1,1,2024-10-20,2024-10-20,"procambarus clarkii",TRUE,"ndfhyzg1",51.2669450022894,3.29779099620961
"V_8380_4",58,3,2024-09-06,2024-09-10,"procambarus clarkii",FALSE,"zgiwntyy",51.289472,3.173519
"V_8470_5",0,4,2024-09-06,2024-09-09,"absent",TRUE,"odjlnmu5",51.141675,2.9534261
"V_8610_8",0,4,2024-07-09,2024-07-14,"absent",FALSE,"mdywmjc1",51.0286484,3.0580516
"V_8730_11",0,4,2024-08-06,2024-08-09,"absent",TRUE,"otg3mza0",51.1376902023291,3.33065629618858
"V_8800_7",0,4,2024-09-21,2024-09-24,"absent",TRUE,"mjywyjqx",50.981917,3.136361
"V_8870_7",0,4,2024-08-01,2024-08-04,"absent",TRUE,"nzi3zgyy",50.9080607,3.1911835
"V_9030_2",1,4,2024-09-08,2024-09-11,"faxonius limosus",TRUE,"nmm1ndmy",51.078167,3.676972
"V_9051_3",0,6,2024-10-10,2024-10-15,"absent",TRUE,"mtfizjjh",51.035853,3.667529
"V_9052_6",0,5,2024-09-11,2024-09-15,"absent",TRUE,"yzq0m2yw",50.993863,3.721124
"V_9140_5",0,4,2024-07-16,2024-07-19,"absent",TRUE,"njbjymrl",51.1365283,4.1670574
"V_9200_16",0,4,2024-08-27,2024-08-30,"absent",TRUE,"mdm5y2i4",51.045801,4.114733
"V_9200_19",0,4,2024-09-18,2024-09-21,"absent",TRUE,"ngi0ytux",51.026945,4.042212
"V_9200_20",0,4,2024-09-10,2024-09-13,"absent",TRUE,"ngi0ytux",51.055074,4.13485
"V_9220_10",11,1,2024-08-27,2024-08-27,"procambarus clarkii",TRUE,"y2zhzmy3",51.074298,4.175564
"V_9240_5",0,4,2024-08-28,2024-08-31,"absent",TRUE,"mtm4ytcx",51.062782,4.081158
"V_9240_7",0,4,2024-09-17,2024-09-20,"absent",TRUE,"ndriztk0",51.0505283,4.0453895
"V_9250_3",7,4,2024-09-15,2024-09-19,"procambarus clarkii",FALSE,"otblmwjl",51.1370644,4.039342
"V_9260_3",0,4,2024-08-14,2024-08-17,"absent",TRUE,"ytq0zwrk",51.023506,3.9293331
"V_9280_3",1,5,2024-09-07,2024-09-11,"procambarus acutus",TRUE,"mdm5y2i4",50.999601,4.086909
"V_9420_6",0,14,2024-09-17,2024-09-23,"absent",TRUE,"mjkyzjq3",50.9014834,3.9630626
"V_9450_2",0,8,2024-09-16,2024-09-23,"absent",TRUE,"mjkyzjq3",50.88894,3.95116
"V_9450_3",0,7,2024-09-23,2024-09-29,"absent",TRUE,"mjkyzjq3",50.893729,4.02133
"V_9450_4",0,8,2024-06-23,2024-06-30,"absent",TRUE,"mjkyzjq3",50.89703,4.03072
"V_9472_2",0,5,2024-09-26,2024-09-30,"absent",TRUE,"mjkyzjq3",50.8707076,4.0437601
"V_9750_6",0,5,2024-09-06,2024-09-10,"absent",TRUE,"zgexogy3",50.9031710024338,3.68504699607908
"V_9800_18",0,4,2024-07-21,2024-07-24,"absent",TRUE,"zgvjogiw",51.0160398,3.5349938
"V_9800_19",0,4,2024-10-05,2024-10-08,"absent",TRUE,"yzc4njmw",50.9917051,3.5709575
"V_9820_9",0,4,2024-08-17,2024-08-20,"absent",TRUE,"mdu1yja5",50.972361,3.711361
"V_9830_1",0,4,2024-09-22,2024-09-25,"absent",TRUE,"otnkzgi3",51.0271353,3.6291464
"V_9830_2",0,4,2024-09-30,2024-10-03,"absent",TRUE,"otnkzgi3",51.0083204,3.6397151
"V_9840_5",0,4,2024-08-22,2024-08-25,"absent",TRUE,"nwixndkz",50.973235,3.700994
"V_9890_8",0,4,2024-08-29,2024-09-01,"absent",TRUE,"ytvimtiz",50.922205,3.662712
"V_9940_17",0,4,2024-07-23,2024-07-26,"absent",TRUE,"mze2mza3",51.1449082,3.7079786
