"NAAM","OMSCHR","CATC","startDate","provincie","gemeente","postcode","VHAG","Latitude","Longitude"
"Grauwersteenbeek","Ast, Aststr, zandweg, afw sas",2,"TBD","Oost-Vlaanderen","Sint-Gillis-Waas",9170,4013,51.2139559,4.1103121
"Schuilhoekbeek","Sint-Niklaasstr, op het einde v/e zandweg, thv de bocht i/d beek",2,"TBD","Oost-Vlaanderen","Sint-Gillis-Waas",9170,3231,51.1997818,4.1461147
"Steenborrebeek","Onkerzele,Bosstraat,opw weg",2,"TBD","Oost-Vlaanderen","Geraardsbergen",9500,6338,50.7817292906111,3.92371757436728
"Molenbeek","IJsmolenstraat,opw weg",2,"TBD","Oost-Vlaanderen","Ronse",9600,5188,50.7577098,3.6495391
"Ede","Koningin Astridlaan, spoorweg",2,"TBD","Oost-Vlaanderen","Maldegem",9990,620,51.2044149,3.4395574
