"NAAM","OMSCHR","CATC","startDate","provincie","gemeente","postcode","VHAG","Latitude","Longitude"
"Hoofdgracht","Rode Weel, thv bunker aan brug over verlegde schijns",1,"10-08-2024","Antwerpen","Antwerpen",2030,3104,51.3013959,4.3723865
"Molenbeek","Zandbergen,Voordeweg",1,"11-08-2024","Oost-Vlaanderen","Geraardsbergen",9506,5954,50.808006,3.9529944
"Zuunbeek","Negenmanneken, Klein-Bijgaardenstr, afw weg en overstort",1,"15-08-2024","Vlaams-Brabant","Sint-Pieters-Leeuw",1600,6554,50.7984079,4.2827493
"Bellebeek","Affligemsestraat-Driesstraat,afw weg,thv handelszaak",1,"27-09-2024","Vlaams-Brabant","Liedekerke",1770,5956,50.8854042,4.0965682
"Bellebeek","Teralfene,Stationsstraat,afw Bellemolen, thv 524000",1,"27-09-2024","Vlaams-Brabant","Affligem",1790,5956,50.8880448,4.1156538
"Dommel","Overpelt, Dommellaan, 10 m opw Wedelsemolen, opw houten brugje",1,"31-08-2024","Limburg","Pelt",3900,9512,51.1812426,5.4367156
"Lossing","Lossing-Emissaire, Molenbeersel, Vlasbrei, Uffelseweg, grenspaal 145, opw brug",1,"TBD","Limburg","Kinrooi",3640,9967,51.1717186,5.7795737
"Bosbeek","Slagmolen, opw en afw brug",1,"TBD","Limburg","Oudsbergen",3660,10004,51.0427817,5.6160607
"Antitankkanaal","'s Gravenwezel, Noorderlaan",1,"TBD","Antwerpen","Schilde",2970,17603,51.2630475,4.5877525
"Noordzuid Verbinding","Verrebroek; Bemalingsstation thv expressweg",1,"TBD","Oost-Vlaanderen","Beveren",9130,3111,51.252614,4.201021
"Dijle","Kessel-Lo, Dijledreef, opw brug",1,"TBD","Vlaams-Brabant","Leuven",3010,6551,50.8913324,4.7102315
"Dijle","Heverlee, opw brug voor kasteel van Arenberg",1,"TBD","Vlaams-Brabant","Leuven",3001,6551,50.8630093,4.6835057
"Zenne","Lembeek, Heldenstr/Gasthuisstr, afw brug",1,"TBD","Vlaams-Brabant","Halle",1502,6552,50.7120313,4.2257134
"Kleine Aa of Weerijsbeek","Loenhout; Vloeiweg, afw watermolenbrug",1,"TBD","Antwerpen","Wuustwezel",2990,9503,51.4211058,4.6411677
"Mark","Meer; Hoogstraat/Looi, BIO en FC afwaarts brug",1,"TBD","Antwerpen","Hoogstraten",2321,9502,51.4452341,4.7472234
"Mark","Wortel;Klinketstraat,afw Klinketbrug (naast Kolon",1,"TBD","Antwerpen","Hoogstraten",2320,9502,51.3984956,4.7854061
"Antitankkanaal","Abtsdreef, afw brug, afw Fort Stabroek",1,"TBD","Antwerpen","Stabroek",2940,113,51.3412834,4.3502764
"Blankenbergsevaart","Uitkerke, Scharebrugstraat, Scharebrug",1,"TBD","West-Vlaanderen","Blankenberge",8370,2123,51.2921282,3.1184797
"Dommel","Neerpelt, Volmolenstr, opw weg",1,"TBD","Limburg","Pelt",3910,9512,51.2358368,5.4214858
"Dommel","Kleine-Brogel,opw brug aan woning (galerie Daelhoxent)",1,"TBD","Limburg","Pelt",3900,9512,51.173029,5.437316
"Poperingevaart","Oostvleteren, Stavelestraat, Evershamhoeve",1,"TBD","West-Vlaanderen","Vleteren",8640,1203,50.9468729,2.7163548
"Lossing","Molenbeersel, Weertersteenweg, onverhard pad natuurreservaat, 30m opw brug",1,"TBD","Limburg","Kinrooi",3640,9967,51.1645167,5.7399779
"Itterbeek","Kessenich, Manestr, 10 m afw brug",1,"TBD","Limburg","Kinrooi",3640,9522,51.1508565,5.7754728
"Hoofdgracht","Ekeren (Leugenberg); Edisonlaan; naast Voorgracht aan brug waar Hoofdgracht onderdoor gaat",1,"TBD","Antwerpen","Antwerpen",2180,3104,51.2921729,4.4059522
"Groot Schijn","Deurne; Parkweg, Ter Rivierenhof; brugje speelweide voor Sterckshof",1,"TBD","Antwerpen","Antwerpen",2100,3103,51.2157209,4.4590502
"Waterloop van de hoge landen","Kallo; Steenlandlaan; 100m opw brugje na betonnen wand beginnen",1,"TBD","Oost-Vlaanderen","Beveren",9130,3110,51.2430219,4.2597537
"Vunt","Wilsele, Van der Nootstr, opw monding Vunt en 217300",1,"TBD","Vlaams-Brabant","Leuven",3012,6603,50.9285196,4.7109437
"Dijle","Wilsele, Oudstrijdersln, 10m opw brug en overstort",1,"TBD","Vlaams-Brabant","Leuven",3012,6551,50.9100843,4.7102687
"Grote Molenbeek","Londerzeel; Malderen; Herbodin, afw. Hoeve Ter Helle; begin 100m afw mtp 228800",1,"TBD","Vlaams-Brabant","Londerzeel",1840,6,51.0150589,4.2700458
"Grote Nete","Balen; bereikbaar via kanaalpad; begin aan zandweg (300m afw mtp 261900)",1,"TBD","Antwerpen","Balen",2490,8501,51.149968,5.1432007
"De Aa","Poederlee; Groesaard; +/- 120m opw brug beginnen (einde canadabomen)",1,"TBD","Antwerpen","Lille",2275,8504,51.225805,4.8581553
"De Aa","Tielen; Walravens; opwaarts brug",1,"TBD","Antwerpen","Kasterlee",2460,8504,51.2432886,4.8728888
"Wimp","Herenthout; Itegemsestwg; 120m afw brug beginnen",1,"TBD","Antwerpen","Herenthout",2270,8507,51.1259324,4.7591022
"Demer","Bilzen, Rentfortstr, opw 401000",1,"TBD","Limburg","Bilzen",3740,7151,50.8898258,5.5063873
"Kleine Gete","Neerwinden-Ezemaal, 30m opw 433000",1,"TBD","Vlaams-Brabant","Landen",3400,7161,50.7749738,5.0026014
"Mangelbeek","Schalbroekstraat, wegje tss huis nr. 125 en 127 (afw Stationstraat), begin traject 105 m afw brug",1,"TBD","Limburg","Lummen",3560,7196,50.9738454,5.1729945
"Vunt","Wilsele, Aarschotsestw, afw brug en overstorten",1,"TBD","Vlaams-Brabant","Leuven",3012,6603,50.9151847,4.7152261
"Vondelbeek","St-Gillis-bij-Dendermonde",1,"TBD","Oost-Vlaanderen","Dendermonde",9200,6337,51.0104865,4.0987928
"Zuidlede","Stenenbrug,veldweg langs Zuidlede",1,"TBD","Oost-Vlaanderen","Moerbeke",9180,26,51.1478349,3.9110453
"Maarkebeek","Oudenaarde,Spoorweglaan. 100m stroomafwaarts vanaf spoorwegbrug",1,"TBD","Oost-Vlaanderen","Oudenaarde",9700,5003,50.8187231,3.6408138
"Oude Kale","Molendam-Molenslag,Molenbrug,opw weg",1,"TBD","Oost-Vlaanderen","Lievegem",9920,72,51.0832226,3.6207069
"Oude Kale","Landegem,Brouwerijstraat,afw weg",1,"TBD","Oost-Vlaanderen","Deinze",9850,72,51.0578843,3.5717004
"Nieuwe Kale","Vinderhoute,jaagpad,opw Bemalingsstation",1,"TBD","Oost-Vlaanderen","Lievegem",9921,625,51.087422,3.656217
"Noordede","Vlissegem, Brugse Baan, Lepelem",1,"TBD","West-Vlaanderen","Jabbeke",8490,2122,51.2429291,3.1108916
"Waterloop van de hoge landen",NA,1,"TBD","Oost-Vlaanderen","Beveren",9120,3110,51.2389791,4.2039857
"Kanaal van Stekene","Rode Amerikaanse rivierkreeft in 2022",1,"TBD","Oost-Vlaanderen","Stekene",9112,123,51.1742492,4.0028625
"Avrijevaart",NA,1,"TBD","Oost-Vlaanderen","Evergem",9940,282,51.1658602,3.7646543
"Gavermeer",NA,1,"TBD","West-Vlaanderen","Harelbeke",8530,NA,50.8400718,3.3144738
"Gavermeer",NA,1,"TBD","West-Vlaanderen","Deerlijk",8540,0,50.8457795,3.326138
"Winge","Watermolen op de Winge",1,"TBD","Vlaams-Brabant","Rotselaar",3111,0,50.9370799,4.7730101
"Grote Molenbeek","Steenhuffel, Lakeman, opw brug",1,"TBD","Vlaams-Brabant","Londerzeel",1840,6,50.9962826,4.2716058
"Merebeek","Vinderhoute,Bulken,Langendam",1,"TBD","Oost-Vlaanderen","Gent",9031,402,51.0822354,3.6543178
