"NAAM","OMSCHR","CATC","startDate","provincie","gemeente","postcode","VHAG","Latitude","Longitude"
"Demer","Kuringen, Zolderse Kiezel, opw 398000",1,"19-07-2024","Limburg","Hasselt",3511,7151,50.9603218,5.2688322
"Demer","Kuringen, Rode-Rokstr, opw 398500",1,"19-07-2024","Limburg","Hasselt",3511,7151,50.9537514,5.3009576
"Poekebeek","Graaf van Hoornestraat,afw weg",1,"19-07-2024","Oost-Vlaanderen","Deinze",9850,27,51.0333774,3.5453287
"Bellebeek","Affligemsestraat-Driesstraat,afw weg,thv handelszaak",1,"27-09-2024","Vlaams-Brabant","Liedekerke",1770,5956,50.8854042,4.0965682
"Bellebeek","Teralfene,Stationsstraat,afw Bellemolen, thv 524000",1,"27-09-2024","Vlaams-Brabant","Affligem",1790,5956,50.8880448,4.1156538
"Handzamevaart","Krekebekestraat, afw Kortemark",1,"28-06-2024","West-Vlaanderen","Kortemark",8610,1208,51.0260091,3.0239868
"Dommel","Overpelt, Dommellaan, 10 m opw Wedelsemolen, opw houten brugje",1,"31-08-2024","Limburg","Pelt",3900,9512,51.1812426,5.4367156
"Lossing","Lossing-Emissaire, Molenbeersel, Vlasbrei, Uffelseweg, grenspaal 145, opw brug",1,"TBD","Limburg","Kinrooi",3640,9967,51.1717186,5.7795737
"Bosbeek","Slagmolen, opw en afw brug",1,"TBD","Limburg","Oudsbergen",3660,10004,51.0427817,5.6160607
"Antitankkanaal","'s Gravenwezel, Noorderlaan",1,"TBD","Antwerpen","Schilde",2970,17603,51.2630475,4.5877525
"Dijle","Kessel-Lo, Dijledreef, opw brug",1,"TBD","Vlaams-Brabant","Leuven",3010,6551,50.8913324,4.7102315
"Dijle","Heverlee, opw brug voor kasteel van Arenberg",1,"TBD","Vlaams-Brabant","Leuven",3001,6551,50.8630093,4.6835057
"Zenne","Lembeek, Heldenstr/Gasthuisstr, afw brug",1,"TBD","Vlaams-Brabant","Halle",1502,6552,50.7120313,4.2257134
"Kleine Aa of Weerijsbeek","Loenhout; Vloeiweg, afw watermolenbrug",1,"TBD","Antwerpen","Wuustwezel",2990,9503,51.4211058,4.6411677
"Mark","Meer; Hoogstraat/Looi, BIO en FC afwaarts brug",1,"TBD","Antwerpen","Hoogstraten",2321,9502,51.4452341,4.7472234
"Mark","Wortel;Klinketstraat,afw Klinketbrug (naast Kolon",1,"TBD","Antwerpen","Hoogstraten",2320,9502,51.3984956,4.7854061
"Poperingevaart","Oostvleteren, Stavelestraat, Evershamhoeve",1,"TBD","West-Vlaanderen","Vleteren",8640,1203,50.9468729,2.7163548
"Lossing","Molenbeersel, Weertersteenweg, onverhard pad natuurreservaat, 30m opw brug",1,"TBD","Limburg","Kinrooi",3640,9967,51.1645167,5.7399779
"Itterbeek","Kessenich, Manestr, 10 m afw brug",1,"TBD","Limburg","Kinrooi",3640,9522,51.1508565,5.7754728
"Vunt","Wilsele, Van der Nootstr, opw monding Vunt en 217300",1,"TBD","Vlaams-Brabant","Leuven",3012,6603,50.9285196,4.7109437
"Grote Molenbeek","Londerzeel; Malderen; Herbodin, afw. Hoeve Ter Helle; begin 100m afw mtp 228800",1,"TBD","Vlaams-Brabant","Londerzeel",1840,6,51.0150589,4.2700458
"Grote Nete","Balen; bereikbaar via kanaalpad; begin aan zandweg (300m afw mtp 261900)",1,"TBD","Antwerpen","Balen",2490,8501,51.149968,5.1432007
"Wimp","Herenthout; Itegemsestwg; 120m afw brug beginnen",1,"TBD","Antwerpen","Herenthout",2270,8507,51.1259324,4.7591022
"Demer","Bilzen, Rentfortstr, opw 401000",1,"TBD","Limburg","Bilzen",3740,7151,50.8898258,5.5063873
"Kleine Gete","Neerwinden-Ezemaal, 30m opw 433000",1,"TBD","Vlaams-Brabant","Landen",3400,7161,50.7749738,5.0026014
"Vunt","Wilsele, Aarschotsestw, afw brug en overstorten",1,"TBD","Vlaams-Brabant","Leuven",3012,6603,50.9151847,4.7152261
"Vondelbeek","St-Gillis-bij-Dendermonde",1,"TBD","Oost-Vlaanderen","Dendermonde",9200,6337,51.0104865,4.0987928
"Zuidlede","Stenenbrug,veldweg langs Zuidlede",1,"TBD","Oost-Vlaanderen","Moerbeke",9180,26,51.1478349,3.9110453
"Oude Kale","Molendam-Molenslag,Molenbrug,opw weg",1,"TBD","Oost-Vlaanderen","Lievegem",9920,72,51.0832226,3.6207069
"Oude Kale","Landegem,Brouwerijstraat,afw weg",1,"TBD","Oost-Vlaanderen","Deinze",9850,72,51.0578843,3.5717004
"Nieuwe Kale","Vinderhoute,jaagpad,opw Bemalingsstation",1,"TBD","Oost-Vlaanderen","Lievegem",9921,625,51.0869773,3.6565719
"Noordede","Vlissegem, Brugse Baan, Lepelem",1,"TBD","West-Vlaanderen","Jabbeke",8490,2122,51.2429291,3.1108916
"Kanaal van Stekene","Rode Amerikaanse rivierkreeft in 2022",1,"TBD","Oost-Vlaanderen","Stekene",9112,123,51.1742492,4.0028625
"Zwartesluisbeek","Leopoldskanaal",1,"TBD","Oost-Vlaanderen","Assenede",9961,2802,51.2684694,3.7179872
"Avrijevaart",NA,1,"TBD","Oost-Vlaanderen","Evergem",9940,282,51.1658602,3.7646543
"Gavermeer",NA,1,"TBD","West-Vlaanderen","Harelbeke",8530,NA,50.8400718,3.3144738
"Gavermeer",NA,1,"TBD","West-Vlaanderen","Deerlijk",8540,0,50.8457795,3.326138
"Merebeek","Vinderhoute,Bulken,Langendam",1,"TBD","Oost-Vlaanderen","Gent",9031,402,51.0822354,3.6543178
