"NAAM","OMSCHR","CATC","startDate","provincie","gemeente","postcode","VHAG","Latitude","Longitude"
"Ziepbeek","Boorsem, Langeweidestraat, opw brug - meetplaats 381 (provincie Limburg)",2,"TBD","Limburg","Maasmechelen",3631,9766,50.9343809,5.706293
"Munsterbeek","Bilzen, Munsterbilzen, Zangerheistraat, 5 meter afw weg, opw zijgracht en verval",2,"TBD","Limburg","Bilzen",3746,7642,50.8932569,5.5486044
"Grote Nete","Lommel; Kerkhoven; Kerkhovenstwg; 150m opw mtp 262400",2,"TBD","Limburg","Lommel",3920,8501,51.1582457,5.2628727
"Bollisenbeek","Einde traject 10m afw brug aan MP 99500",2,"TBD","Limburg","Peer",3990,9702,51.1165486,5.3916738
